ID_BCT_O,ID_ANPR,CALLE,ESQUINA / ENTRE CALLES,COLONIA,TRAMO,SECTOR_UPC,ALCALDÍA,C2,LATITUD,LONGITUD,CLASIFICACION,BOTON,ALTAVOZ,TIPO_POSTE,NUMCAMS,NUMBOT,NUMALT,CANT_ALTAVOZ,TIPO CAMARA,PROYECTO,FECHA_INSTALACIÓN,FASE2019,FASE_ORIGEN
MT95,0,CULTURA NORTE,AV EL ROSARIO Y AV DE LAS CULTURAS,EL ROSARIO,#N/A,HORMIGA,AZCAPOTZALCO,PONIENTE,19.505327,-99.200913,METRO SEGURO,CON BOTON,SIN ALTAVOZ,TOTEM,2,1,0,0,FIJA,TOTEMS,,,#N/A
MT207,0,STA APOLONIA,AV. F.F.C.C. NACIONALES Y MANUEL ACUÑA,SAN FRANCISCO TETECALA,#N/A,CLAVERIA,AZCAPOTZALCO,PONIENTE,19.478989,-99.189674,METRO SEGURO,CON BOTON,SIN ALTAVOZ,TOTEM,2,1,0,0,FIJA,TOTEMS,,,#N/A
MT210,0,AV. AQUILES SERDAN ,AV. INVIERNO,ANGEL ZIMBRON,#N/A,CLAVERIA,AZCAPOTZALCO,PONIENTE,19.469896,-99.189766,METRO SEGURO,CON BOTON,SIN ALTAVOZ,TOTEM,2,1,0,0,FIJA,TOTEMS,,,#N/A
MT238,0,AV. F.F.C.C. NACIONALES,AV. INVIERNO,ANGEL ZIMBRON,#N/A,CLAVERIA,AZCAPOTZALCO,PONIENTE,19.469718,-99.190388,METRO SEGURO,CON BOTON,SIN ALTAVOZ,TOTEM,2,1,0,0,FIJA,TOTEMS,,,#N/A
MT450,0,GOLFO DE BENGALA,GOLFO DE MÉXICO,TACUBA,#N/A,TACUBA,MIGUEL HIDALGO,PONIENTE,19.457838,-99.187439,METRO SEGURO,CON BOTON,SIN ALTAVOZ,TOTEM,2,1,0,0,FIJA,TOTEMS,,,#N/A
MT491,0,GOLFO DE BENGALA,GOLFO DE MÉXICO,TACUBA,#N/A,TACUBA,MIGUEL HIDALGO,PONIENTE,19.457855,-99.187141,METRO SEGURO,CON BOTON,SIN ALTAVOZ,TOTEM,2,1,0,0,FIJA,TOTEMS,,,#N/A
MT515,0,LAGO HIELMAR,LAGUNA DE TÉRMINOS,MODELO PENSIL,#N/A,TACUBA,MIGUEL HIDALGO,PONIENTE,19.444986,-99.1915958,METRO SEGURO,CON BOTON,SIN ALTAVOZ,TOTEM,2,1,0,0,FIJA,TOTEMS,,,#N/A
MT692,0,HORACIO,ENTRE ARQUIMEDES Y LA MARTINE,POLANCO V SECCION,#N/A,POLANCO-CASTILLO,MIGUEL HIDALGO,PONIENTE,19.43366793,-99.19016105,METRO SEGURO,CON BOTON,SIN ALTAVOZ,TOTEM,2,1,0,0,FIJA,TOTEMS,,,#N/A
MT693,0,CALZ. CHIVATITO,AV. PASEO DE LA REFORMA,BOSQUE DE CHAPULTEPEC I SECCION,#N/A,POLANCO-CASTILLO,MIGUEL HIDALGO,PONIENTE,19.424973,-99.191933,METRO SEGURO,CON BOTON,SIN ALTAVOZ,TOTEM,2,1,0,0,FIJA,TOTEMS,,,#N/A
MT730,0,PASEO DE LA REFORMA,AUDITORIO NACIONAL Y CALZADA CHIVATITO,BOSQUE DE CHAPULTEPEC I SECCION,#N/A,POLANCO-CASTILLO,MIGUEL HIDALGO,PONIENTE,19.425608,-99.1931,METRO SEGURO,CON BOTON,SIN ALTAVOZ,TOTEM,2,1,0,0,FIJA,TOTEMS,,,#N/A
MT740,0,AV. PARQUE LIRA,AV. CONSTITUYENTES,AMPLIACION DANIEL GARZA,#N/A,TACUBAYA,MIGUEL HIDALGO,PONIENTE,19.411615,-99.191609,METRO SEGURO,CON BOTON,SIN ALTAVOZ,TOTEM,2,1,0,0,FIJA,TOTEMS,,,#N/A
MT741,0,DOCTORA,ENTRE AV. JALISCO Y JOUBLANC,TACUBAYA,#N/A,TACUBAYA,MIGUEL HIDALGO,PONIENTE,19.402397,-99.186348,METRO SEGURO,CON BOTON,SIN ALTAVOZ,TOTEM,2,1,0,0,FIJA,TOTEMS,,,#N/A
MT892,0,AV. REVOLUCIÓN,ENTRE CALLE 7 Y CALLE 9,SAN PEDRO DE LOS PINOS,#N/A,NAPOLES,BENITO JUAREZ,SUR,19.391493,-99.185719,METRO SEGURO,CON BOTON,SIN ALTAVOZ,TOTEM,2,1,0,0,FIJA,TOTEMS,,,#N/A
MT1361,0,AV. REVOLUCIÓN,ENTRE CALLE 4 Y CALLE 2,SAN PEDRO DE LOS PINOS,#N/A,NAPOLES,BENITO JUAREZ,SUR,19.391604,-99.186099,METRO SEGURO,CON BOTON,SIN ALTAVOZ,TOTEM,2,1,0,0,FIJA,TOTEMS,,,#N/A
MT1680,0,AV. REVOLUCIÓN,TINTORETO,SANTA MARIA NONOALCO,#N/A,NAPOLES,BENITO JUAREZ,SUR,19.384286,-99.186399,METRO SEGURO,CON BOTON,SIN ALTAVOZ,TOTEM,2,1,0,0,FIJA,TOTEMS,,,#N/A
MT1740,0,AV. REVOLUCIÓN,AV. EXTREMADURA Y EMPRESAS,INSURGENTES MIXCOAC,#N/A,NAPOLES,BENITO JUAREZ,SUR,19.376168,-99.187486,METRO SEGURO,CON BOTON,SIN ALTAVOZ,TOTEM,2,1,0,0,FIJA,TOTEMS,,,#N/A
MT2076,0,REVOLUCIÓN,ENTRE CELLINI Y GIOTTO,MIXCOAC,#N/A,NAPOLES,BENITO JUAREZ,SUR,19.37559936,-99.18844717,METRO SEGURO,CON BOTON,SIN ALTAVOZ,TOTEM,2,1,0,0,FIJA,TOTEMS,,,#N/A
MT2441,0,REVOLUCIÓN,ENTRE CELLINI Y GIOTTO,MIXCOAC,#N/A,NAPOLES,BENITO JUAREZ,SUR,19.37563617,-99.18806904,METRO SEGURO,CON BOTON,SIN ALTAVOZ,TOTEM,2,1,0,0,FIJA,TOTEMS,,,#N/A
MT2468,0,AV. REVOLUCION,CONDOR ,LOS ALPES,#N/A,SAN ANGEL,ALVARO OBREGON,PONIENTE,19.36162,-99.189427,METRO SEGURO,CON BOTON,SIN ALTAVOZ,TOTEM,2,1,0,0,FIJA,TOTEMS,,,#N/A
MT2489,0,AV. REVOLUCIÓN,CONDOR,GUADALUPE INN,#N/A,SAN ANGEL,ALVARO OBREGON,PONIENTE,19.361527,-99.188917,METRO SEGURO,CON BOTON,SIN ALTAVOZ,TOTEM,2,1,0,0,FIJA,TOTEMS,,,#N/A
MT2590,0,DEGOLLADO,AV. PASEO DE LA REFORMA,GUERRERO,#N/A,BUENAVISTA,CUAUHTEMOC,CENTRO,19.444756,-99.139039,METRO SEGURO,CON BOTON,SIN ALTAVOZ,TOTEM,2,1,0,0,FIJA,TOTEMS,,,#N/A
MT2593,0,LOPEZ RAYON,AV. PASEO DE LA REFORMA,CENTRO (AREA 2),#N/A,CENTRO,CUAUHTEMOC,CENTRO,19.443736,-99.138645,METRO SEGURO,CON BOTON,SIN ALTAVOZ,TOTEM,2,1,0,0,FIJA,TOTEMS,,,#N/A
MT2594,0,ORGANO,AV. PASEO DE LA REFORMA,GUERRERO,#N/A,CENTRO,CUAUHTEMOC,CENTRO,19.443363,-99.139339,METRO SEGURO,CON BOTON,SIN ALTAVOZ,TOTEM,2,1,0,0,FIJA,TOTEMS,,,#N/A
MT2595,0,EJE CENTRAL LAZARO CARDENAS,ENTRE AV HIDALGO Y SANTA VERACRUZ,CENTRO (AREA 2),#N/A,ALAMEDA,CUAUHTEMOC,CENTRO,19.4366244,-99.1404186,METRO SEGURO,CON BOTON,SIN ALTAVOZ,TOTEM,2,1,0,0,FIJA,TOTEMS,,,#N/A
MT2596,0,EJE CENTRAL,ENTRE CALLE REPUBLICA DE CUBA Y DONCELES,CENTRO (AREA 2),#N/A,CENTRO,CUAUHTEMOC,CENTRO,19.437455,-99.140273,METRO SEGURO,CON BOTON,SIN ALTAVOZ,TOTEM,2,1,0,0,FIJA,TOTEMS,,,#N/A
MT2624,0,EJE CENTRAL,ENTRE PENSADOR MEXICANO Y SANTA VERACRUZ,GUERRERO,#N/A,BUENAVISTA,CUAUHTEMOC,CENTRO,19.4375,-99.140471,METRO SEGURO,CON BOTON,SIN ALTAVOZ,TOTEM,2,1,0,0,FIJA,TOTEMS,,,#N/A
MT2644,0,EJE CENTRAL,ENTRE SANTA VERACRUZ Y AV. HIDALGO,GUERRERO,#N/A,BUENAVISTA,CUAUHTEMOC,CENTRO,19.436552,-99.140637,METRO SEGURO,CON BOTON,SIN ALTAVOZ,TOTEM,2,1,0,0,FIJA,TOTEMS,,,#N/A
MT2647,0,EJE CENTRAL,ENTRE ARTICULO 123 Y VICTORIA,CENTRO (AREA 5),#N/A,ALAMEDA,CUAUHTEMOC,CENTRO,19.431692,-99.141406,METRO SEGURO,CON BOTON,SIN ALTAVOZ,TOTEM,2,1,0,0,FIJA,TOTEMS,,,#N/A
MT2648,0,EJE CENTRAL,REPUBLICA DE URUGUAY Y VENUSTIANO CARRANZA,CENTRO (AREA 1),#N/A,ALAMEDA,CUAUHTEMOC,CENTRO,19.431291,-99.141236,METRO SEGURO,CON BOTON,SIN ALTAVOZ,TOTEM,2,1,0,0,FIJA,TOTEMS,,,#N/A
MT2649,0,EJE CENTRAL,VENUSTIANO CARRANZA Y REPUBLICA DE URUGUAY,CENTRO (AREA 1),#N/A,ALAMEDA,CUAUHTEMOC,CENTRO,19.431734,-99.141173,METRO SEGURO,CON BOTON,SIN ALTAVOZ,TOTEM,2,1,0,0,FIJA,TOTEMS,,,#N/A
MT2650,0,EJE CENTRAL,LUCAS ALAMÁN,OBRERA,#N/A,ASTURIAS,CUAUHTEMOC,CENTRO,19.421438,-99.143027,METRO SEGURO,CON BOTON,SIN ALTAVOZ,TOTEM,2,1,0,0,FIJA,TOTEMS,,,#N/A
MT2651,0,EJE CENTRAL,DR. LICEAGA,DOCTORES,#N/A,ASTURIAS,CUAUHTEMOC,CENTRO,19.421631,-99.143366,METRO SEGURO,CON BOTON,SIN ALTAVOZ,TOTEM,2,1,0,0,FIJA,TOTEMS,,,#N/A
MT2652,0,EJE CENTRAL ,FERNANDO RAMÍREZ,OBRERA,#N/A,ASTURIAS,CUAUHTEMOC,CENTRO,19.413306,-99.143854,METRO SEGURO,CON BOTON,SIN ALTAVOZ,TOTEM,2,1,0,0,FIJA,TOTEMS,,,#N/A
MT2653,0,EJE CENTRAL,DR. ARCE,DOCTORES,#N/A,ASTURIAS,CUAUHTEMOC,CENTRO,19.413148,-99.14425,METRO SEGURO,CON BOTON,SIN ALTAVOZ,TOTEM,2,1,0,0,FIJA,TOTEMS,,,#N/A
MT2655,0,CALZADA DE LA VIGA,GUILLERMO PRIETO Y VIAD RIO DE LA PIEDAD,JAMAICA,#N/A,MERCED-BALBUENA,VENUSTIANO CARRANZA,NORTE,19.406401,-99.125946,METRO SEGURO,CON BOTON,SIN ALTAVOZ,TOTEM,2,1,0,0,FIJA,TOTEMS,,,#N/A
MT2722,0,PLAZA METRO CALZADA DE LA VIGA,ENTRE CALZADA DE LA VIGA Y VENTURA G. TENA,ASTURIAS,#N/A,ASTURIAS,CUAUHTEMOC,CENTRO,19.406306,-99.126419,METRO SEGURO,CON BOTON,SIN ALTAVOZ,TOTEM,2,1,0,0,FIJA,TOTEMS,,,#N/A
MT2826,0,SILVESTRE GUTIÉRREZ GUTIÉRREZ,COYUYA,SANTA ANITA,#N/A,IZTACCIHUATL,IZTACALCO,NORTE,19.403958,-99.120398,METRO SEGURO,CON BOTON,SIN ALTAVOZ,TOTEM,2,1,0,0,FIJA,TOTEMS,,,#N/A
MT2834,0,H. CONGRESO DE LA UNIÓN,COYUYA,SANTA ANITA,#N/A,IZTACCIHUATL,IZTACALCO,NORTE,19.404138,-99.121005,METRO SEGURO,CON BOTON,SIN ALTAVOZ,TOTEM,2,1,0,0,FIJA,TOTEMS,,,#N/A
MT2846,0,AV. AZÚCAR,AV. PDTE. PLUTARCO ELÍAS CALLES,LOS REYES,#N/A,IZTACCIHUATL,IZTACALCO,NORTE,19.398163,-99.113658,METRO SEGURO,CON BOTON,SIN ALTAVOZ,TOTEM,2,1,0,0,FIJA,TOTEMS,,,#N/A
MT2847,0,AV. AZÚCAR,AV. PDTE. PLUTARCO ELÍAS CALLES,GRANJAS MEXICO,#N/A,TLACOTAL,IZTACALCO,NORTE,19.398264,-99.113282,METRO SEGURO,CON BOTON,SIN ALTAVOZ,TOTEM,2,1,0,0,FIJA,TOTEMS,,,#N/A
MT2875,0,FRANCISCO DEL PASO Y TRONCOSO (ABAJO DEL PUENTE),AV. CANAL DE TEZONTLE,MAESTROS DE IZTACALCO,#N/A,TLACOTAL,IZTACALCO,NORTE,19.388222,-99.111856,METRO SEGURO,CON BOTON,SIN ALTAVOZ,TOTEM,2,1,0,0,FIJA,TOTEMS,,,#N/A
MT2883,0,FRANCISCO DEL PASO Y TRONCOSO (ABAJO DEL PUENTE),AV. CANAL DE TEZONTLE,LOS PICOS DE IZTACALCO SECCION 1RA,#N/A,IZTACCIHUATL,IZTACALCO,NORTE,19.38835,-99.1123,METRO SEGURO,CON BOTON,SIN ALTAVOZ,TOTEM,2,1,0,0,FIJA,TOTEMS,,,#N/A
MT2887,0,AV. CANAL DE TEZONTLE (ARRIBA DEL PUENTE),FRANCISCO DEL PASO Y TRONCOSO,I.N.F.O.N.A.V.I.T. IZTACALCO,#N/A,TLACOTAL,IZTACALCO,NORTE,19.388191,-99.111983,METRO SEGURO,CON BOTON,SIN ALTAVOZ,TOTEM,2,1,0,0,FIJA,TOTEMS,,,#N/A
MT2888,0,AV. CANAL DE TEZONTLE (ARRIBA DEL PUENTE),FRANCISCO DEL PASO Y TRONCOSO,LOS PICOS DE IZTACALCO SECCION 1RA,#N/A,TLACOTAL,IZTACALCO,NORTE,19.388383,-99.112026,METRO SEGURO,CON BOTON,SIN ALTAVOZ,TOTEM,2,1,0,0,FIJA,TOTEMS,,,#N/A
MT2889,0,FRANCISCO DEL PASO Y TRONCOSO (ABAJO DEL PUENTE),SANTA MARÍA LA PURÍSIMA,LA NUEVA ROSITA,#N/A,GRANJAS,IZTAPALAPA,ORIENTE,19.378862,-99.109185,METRO SEGURO,CON BOTON,SIN ALTAVOZ,TOTEM,2,1,0,0,FIJA,TOTEMS,,,#N/A
MT2979,0,FRANCISCO DEL PASO Y TRONCOSO (ABAJO DEL PUENTE),SANTA MARÍA LA PURÍSIMA,PURISIMA ATLAZOLPA,#N/A,CHURUBUSCO,IZTAPALAPA,ORIENTE,19.379345,-99.109836,METRO SEGURO,CON BOTON,SIN ALTAVOZ,TOTEM,2,1,0,0,FIJA,TOTEMS,,,#N/A
MT2999,0,SANTA MARÍA LA PURÍSIMA (ARRIBA DEL PUENTE),FRANCISCO DEL PASO Y TRONCOSO,PURISIMA ATLAZOLPA,#N/A,GRANJAS,IZTAPALAPA,ORIENTE,19.379207,-99.109631,METRO SEGURO,CON BOTON,SIN ALTAVOZ,TOTEM,2,1,0,0,FIJA,TOTEMS,,,#N/A
MT3012,0,TRABAJADORAS SOCIALES,FRANCISCO DEL PASO Y TRONCOSO,MAGDALENA ATLAZOLPA,#N/A,CHURUBUSCO,IZTAPALAPA,ORIENTE,19.373478,-99.107942,METRO SEGURO,CON BOTON,SIN ALTAVOZ,TOTEM,2,1,0,0,FIJA,TOTEMS,,,#N/A
MT3395,0,EJE 6 SUR TRABAJADORES SOCIALES (ARRIBA DEL PUENTE),GEOGRAFOS,ACULCO,#N/A,GRANJAS,IZTAPALAPA,ORIENTE,19.373377,-99.107601,METRO SEGURO,CON BOTON,SIN ALTAVOZ,TOTEM,2,1,0,0,FIJA,TOTEMS,,,#N/A
MT3652,0,AV. 5,CALLE 6,GRANJAS DE SAN ANTONIO,#N/A,GRANJAS,IZTAPALAPA,ORIENTE,19.364716,-99.109378,METRO SEGURO,CON BOTON,SIN ALTAVOZ,TOTEM,2,1,0,0,FIJA,TOTEMS,,,#N/A
MT3861,0,AV. AGUSTIN YALES,AV. 5,ESCUADRON 201,#N/A,CHURUBUSCO,IZTAPALAPA,ORIENTE,19.36482309,-99.10961608,METRO SEGURO,CON BOTON,SIN ALTAVOZ,TOTEM,2,1,0,0,FIJA,TOTEMS,,,#N/A
MT4024,0,ERMITA IZTAPALAPA,ENTRE GRAL. ANAYA Y LOS REYES,SANTA BARBARA,#N/A,GRANJAS,IZTAPALAPA,ORIENTE,19.356261,-99.101246,METRO SEGURO,CON BOTON,SIN ALTAVOZ,TOTEM,2,1,0,0,FIJA,TOTEMS,,,#N/A
MT4067,0,EJE 8 SUR ERMITA IZTAPALAPA,E. CORONA,SAN PABLO,#N/A,ESTRELLA,IZTAPALAPA,ORIENTE,19.3577788,-99.0933989,METRO SEGURO,CON BOTON,SIN ALTAVOZ,TOTEM,2,1,0,0,FIJA,TOTEMS,,,#N/A
MT4343,0,CALZ. IGNACIO ZARAGOZA,CALLE UNO,BELISARIO DOMINGUEZ INFONAVIT,#N/A,PANTITLAN,IZTACALCO,NORTE,19.405004,-99.06954,METRO SEGURO,CON BOTON,SIN ALTAVOZ,TOTEM,2,1,0,0,FIJA,TOTEMS,,,#N/A
MT4344,0,GRAL. SALVADOR ALVARADO,AV. BENJAMIN FRANKLIN,ESCANDON I SECCION,#N/A,TACUBAYA,MIGUEL HIDALGO,PONIENTE,19.405836,-99.179047,METRO SEGURO,CON BOTON,SIN ALTAVOZ,TOTEM,2,1,0,0,FIJA,TOTEMS,,,#N/A
MT4346,0,AV. JALISCO,AV. JALISCO,TACUBAYA,#N/A,TACUBAYA,MIGUEL HIDALGO,PONIENTE,19.401924,-99.18766,METRO SEGURO,CON BOTON,SIN ALTAVOZ,TOTEM,2,1,0,0,FIJA,TOTEMS,,,#N/A
MT4360,0,TORDO,AV. JALISCO,TACUBAYA,#N/A,TACUBAYA,MIGUEL HIDALGO,PONIENTE,19.400515,-99.188545,METRO SEGURO,CON BOTON,SIN ALTAVOZ,TOTEM,2,1,0,0,FIJA,TOTEMS,,,#N/A
MT5251,0,PARADERO METRO PANTITLAN,ENTRE AV. RÍO CHIRUBUSCO Y EJE 1 NTE (MANUEL LEBRIJA),ADOLFO LOPEZ MATEOS,#N/A,ARENAL,VENUSTIANO CARRANZA,NORTE,19.415916,-99.074059,METRO SEGURO,CON BOTON,SIN ALTAVOZ,TOTEM,2,1,0,0,FIJA,TOTEMS,,,#N/A
MT5253,0,PARADERO METRO PANTITLAN,ENTRE AV. RÍO CHIRUBUSCO Y EJE 1 NTE (MANUEL LEBRIJA),ADOLFO LOPEZ MATEOS,#N/A,ARENAL,VENUSTIANO CARRANZA,NORTE,19.415586,-99.073654,METRO SEGURO,CON BOTON,SIN ALTAVOZ,TOTEM,2,1,0,0,FIJA,TOTEMS,,,#N/A
MT5254,0,PARADERO METRO PANTITLAN ,"PARADERO METRO PANTITLAN, ENTRE AV. RÍO CHIRUBUSCO Y EJE 1 NTE (MANUEL LEBRIJA)",ADOLFO LOPEZ MATEOS,#N/A,ARENAL,VENUSTIANO CARRANZA,NORTE,19.41630816,-99.07343646,METRO SEGURO,CON BOTON,SIN ALTAVOZ,TOTEM,2,1,0,0,FIJA,TOTEMS,,,#N/A
MT5255,0,PARADERO METRO PANTITLAN,ENTRE GUSTAVO DIAZ ORDAZ Y ADOLFO LOPEZ MATEOS,ADOLFO LOPEZ MATEOS,#N/A,ARENAL,VENUSTIANO CARRANZA,NORTE,19.41729989,-99.07330603,METRO SEGURO,CON BOTON,SIN ALTAVOZ,TOTEM,2,1,0,0,FIJA,TOTEMS,,,#N/A
MT5285,0,PARADERO METRO PANTITLAN,ENTRE GUSTAVO DIAZ ORDAZ Y ADOLFO LOPEZ MATEOS,ADOLFO LOPEZ MATEOS,#N/A,ARENAL,VENUSTIANO CARRANZA,NORTE,19.417343,-99.073875,METRO SEGURO,CON BOTON,SIN ALTAVOZ,TOTEM,2,1,0,0,FIJA,TOTEMS,,,#N/A
MT5288,0,VIADUCTO RÍO DE LA PIEDAD,ENTRE CALLE 73 Y CALLE 75,PUEBLA,#N/A,ARENAL,VENUSTIANO CARRANZA,NORTE,19.40748294,-99.08256354,METRO SEGURO,CON BOTON,SIN ALTAVOZ,TOTEM,2,1,0,0,FIJA,TOTEMS,,,#N/A
MT5334,0,FRANCISCO DEL PASO Y TRONCOSO,AV. MORELOS,PUEBLO DE LA MAGDALENA MIXIUHCA,#N/A,MERCED-BALBUENA,VENUSTIANO CARRANZA,NORTE,19.40826162,-99.11355611,METRO SEGURO,CON BOTON,SIN ALTAVOZ,TOTEM,2,1,0,0,FIJA,TOTEMS,,,#N/A
MT5346,0,AV MORELOS,CASI ESQ. CONGRESO DE LA UNION,JAMAICA,#N/A,MERCED-BALBUENA,VENUSTIANO CARRANZA,NORTE,19.40894975,-99.12223039,METRO SEGURO,CON BOTON,SIN ALTAVOZ,TOTEM,2,1,0,0,FIJA,TOTEMS,,,#N/A
MT5384,0,AV. MORELOS,ENTRE COMPAS Y CINCEL,SEVILLA,#N/A,MERCED-BALBUENA,VENUSTIANO CARRANZA,NORTE,19.409346,-99.12262,METRO SEGURO,CON BOTON,SIN ALTAVOZ,TOTEM,2,1,0,0,FIJA,TOTEMS,,,#N/A
MT5385,0,JOSÉ ANTONIO TORRES,CALZ. CHABACANO,VISTA ALEGRE,#N/A,ASTURIAS,CUAUHTEMOC,CENTRO,19.408633,-99.133473,METRO SEGURO,CON BOTON,SIN ALTAVOZ,TOTEM,2,1,0,0,FIJA,TOTEMS,,,#N/A
MT5386,0,JOSÉ PEON CONTRERAS,ENTRE JOSÉ ANTONIO TORRES Y FRANCISCO AYALA,AMPLIACION ASTURIAS,#N/A,ASTURIAS,CUAUHTEMOC,CENTRO,19.408315,-99.134083,METRO SEGURO,CON BOTON,SIN ALTAVOZ,TOTEM,2,1,0,0,FIJA,TOTEMS,,,#N/A
MT5387,0,EJE CENTRAL LAZARO CÁRDENAS,DR. IGNACIO MORONES PRIETO,BUENOS AIRES,#N/A,ASTURIAS,CUAUHTEMOC,CENTRO,19.407041,-99.144799,METRO SEGURO,CON BOTON,SIN ALTAVOZ,TOTEM,2,1,0,0,FIJA,TOTEMS,,,#N/A
MT5388,0,TOLUCA,ENTRE IXTLAN Y AV. BAJA CALIFORNIA,ROMA SUR,#N/A,ROMA,CUAUHTEMOC,CENTRO,19.406758,-99.156769,METRO SEGURO,CON BOTON,SIN ALTAVOZ,TOTEM,2,1,0,0,FIJA,TOTEMS,,,#N/A
MT6324,0,AV. RIO CHURUBUSCO,ENTRE 1A CDA TALLERES GRAFICOS Y CALLE TALLERES GRAFICOS,AGRICOLA PANTITLAN,#N/A,PANTITLAN,IZTACALCO,NORTE,19.41539499,-99.07257947,METRO SEGURO,CON BOTON,SIN ALTAVOZ,TOTEM,2,1,0,0,FIJA,TOTEMS,,,#N/A
MT6352,0,VIADUCTO RIO DE LA PIEDAD,ENTRE ORIENTE 217 Y AV RIO CHURUBUSCO,GRANJAS MEXICO,#N/A,TLACOTAL,IZTACALCO,NORTE,19.40696131,-99.08267778,METRO SEGURO,CON BOTON,SIN ALTAVOZ,TOTEM,2,1,0,0,FIJA,TOTEMS,,,#N/A
MT6372,0,VIADUCTO RÍO DE LA PIEDAD,ENTRE CALLE 43 Y CALLE 45,GRANJAS MEXICO,#N/A,TLACOTAL,IZTACALCO,NORTE,19.40816218,-99.09152685,METRO SEGURO,CON BOTON,SIN ALTAVOZ,TOTEM,2,1,0,0,FIJA,TOTEMS,,,#N/A
MT6374,0,VIADUCTO RIO DE LA PIEDAD,ENTRE EDUCADORES FISICOS Y EJE 3 SUR AÑIL,GRANJAS MEXICO,#N/A,TLACOTAL,IZTACALCO,NORTE,19.407887,-99.10257,METRO SEGURO,CON BOTON,SIN ALTAVOZ,TOTEM,2,1,0,0,FIJA,TOTEMS,,,#N/A
MT6377,0,CALZ. IGNACIO ZARAGOZA,ENTRE CALLE 6 Y CALLE 7,AGRICOLA PANTITLAN,#N/A,PANTITLAN,IZTACALCO,NORTE,19.399122,-99.059372,METRO SEGURO,CON BOTON,SIN ALTAVOZ,TOTEM,2,1,0,0,FIJA,TOTEMS,,,#N/A
MT6378,0,CALZ. IGNACIO ZARAGOZA,RETORNO 1 SUR 10,AGRICOLA ORIENTAL,#N/A,PANTITLAN,IZTACALCO,NORTE,19.39832889,-99.05975552,METRO SEGURO,CON BOTON,SIN ALTAVOZ,TOTEM,2,1,0,0,FIJA,TOTEMS,,,#N/A
MT6475,0,GENERALÍSIMO MORELOS,ANTONIO GALEANA,ERMITA ZARAGOZA,#N/A,OASIS,IZTAPALAPA,ORIENTE,19.360415,-98.994255,METRO SEGURO,CON BOTON,SIN ALTAVOZ,TOTEM,2,1,0,0,FIJA,TOTEMS,,,#N/A
MT6564,0,GENERALÍSIMO MORELOS,SIERVO DE LA NACIÓN,ERMITA ZARAGOZA,#N/A,OASIS,IZTAPALAPA,ORIENTE,19.360081,-98.994233,METRO SEGURO,CON BOTON,SIN ALTAVOZ,TOTEM,2,1,0,0,FIJA,TOTEMS,,,#N/A
MT6781,0,CALZ. IGNACIO ZARAGOZA,BATALLON DE ZACAPOAXTLA,U H EJTO DE OTE II,#N/A,OASIS,IZTAPALAPA,ORIENTE,19.384805,-99.036027,METRO SEGURO,CON BOTON,SIN ALTAVOZ,TOTEM,2,1,0,0,FIJA,TOTEMS,,,#N/A
MT6911,0,CALZ. IGNACIO ZARAGOZA,ENTRE AV GRAL. ANTONIO LEON LOYOLA Y AV. TELECOMUNICACIONES,"UNIDAD EJERCITO CONSTITUCIONALISTA I, II Y III",#N/A,OASIS,IZTAPALAPA,ORIENTE,19.390972,-99.047103,METRO SEGURO,CON BOTON,SIN ALTAVOZ,TOTEM,2,1,0,0,FIJA,TOTEMS,,,#N/A
MT6965,0,AV. BAJA CALIFORNIA,ENTRE AV. INSURGENTES SUR Y TUXPAN,ROMA SUR,#N/A,ROMA,CUAUHTEMOC,CENTRO,19.405841,-99.168057,METRO SEGURO,CON BOTON,SIN ALTAVOZ,TOTEM,2,1,0,0,FIJA,TOTEMS,,,#N/A
MT6966,0,AV. BAJA CALIFORNIA,CHILPANCINGO,HIPODROMO,#N/A,ROMA,CUAUHTEMOC,CENTRO,19.406017,-99.169115,METRO SEGURO,CON BOTON,SIN ALTAVOZ,TOTEM,2,1,0,0,FIJA,TOTEMS,,,#N/A
MT6967,0,GRAL. SALVADOR ALVARADO,ENTRE AV. BENJAMIN FRANKLIN Y DIAGONAL PATRIOTISMO,HIPODROMO,#N/A,ROMA,CUAUHTEMOC,CENTRO,19.406364,-99.178831,METRO SEGURO,CON BOTON,SIN ALTAVOZ,TOTEM,2,1,0,0,FIJA,TOTEMS,,,#N/A
MT9313,0,ERMITA IZTAPALAPA,ENTRE AV. SAN LORENZO Y SAN FELIPE DE JESUS ,SAN MIGUEL,#N/A,ABASTO-REFORMA,IZTAPALAPA,ORIENTE,19.351157,-99.074623,METRO SEGURO,CON BOTON,SIN ALTAVOZ,TOTEM,2,1,0,0,FIJA,TOTEMS,,,#N/A
MT9362,0,ERMITA IZTAPALAPA,AV. LUIS MANUEL ROJAS,CONSTITUCION DE 1917,#N/A,ABASTO-REFORMA,IZTAPALAPA,ORIENTE,19.346411,-99.064155,METRO SEGURO,CON BOTON,SIN ALTAVOZ,TOTEM,2,1,0,0,FIJA,TOTEMS,,,#N/A
MT9373,0,PARADERO CONSTITUCIÓN DE 1917 (ARRIBA DE PUENTE PEATONAL),ENTRE ERMITA IZTAPALAPA Y AV. DEL ROSAL ,LOS ANGELES,#N/A,TEZONCO,IZTAPALAPA,ORIENTE,19.34536,-99.06363,METRO SEGURO,CON BOTON,SIN ALTAVOZ,TOTEM,2,1,0,0,FIJA,TOTEMS,,,#N/A
MT9382,0,PARADERO CONSTITUCIÓN DE 1917 (ARRIBA DE PUENTE PEATONAL),ENTRE ERMITA IZTAPALAPA Y AV. DEL ROSAL ,LOS ANGELES,#N/A,TEZONCO,IZTAPALAPA,ORIENTE,19.345545,-99.064645,METRO SEGURO,CON BOTON,SIN ALTAVOZ,TOTEM,2,1,0,0,FIJA,TOTEMS,,,#N/A
MT9496,0,AV. DE LAS TORRES,ENTRE PETUNIA Y AV. DE LAS TORRES,LOS ANGELES,#N/A,TEZONCO,IZTAPALAPA,ORIENTE,19.34513,-99.06508,METRO SEGURO,CON BOTON,SIN ALTAVOZ,TOTEM,2,1,0,0,FIJA,TOTEMS,,,#N/A
MT9747,0,AV. AQUILES SERDAN,TOTONACAS,TEZOZOMOC,#N/A,CLAVERIA,AZCAPOTZALCO,PONIENTE,19.4903,-99.195604,METRO SEGURO,CON BOTON,SIN ALTAVOZ,TOTEM,2,1,0,0,FIJA,TOTEMS,,,#N/A
MT10986,0,AV. FFCC. NACIONALES,ENTRE MANUEL ACUÑA Y AMADO NERVO,SAN FRANCISCO TETECALA,#N/A,CLAVERIA,AZCAPOTZALCO,PONIENTE,19.4792614,-99.1904048,METRO SEGURO,CON BOTON,SIN ALTAVOZ,TOTEM,2,1,0,0,FIJA,TOTEMS,,,#N/A
MT11041,0,PARQUE LIRA , CONSTITUYENTES,SAN MIGUEL CHAPULTEPEC I SECCION,#N/A,TACUBAYA,MIGUEL HIDALGO,PONIENTE,19.411779,-99.191194,METRO SEGURO,CON BOTON,SIN ALTAVOZ,TOTEM,2,1,0,0,FIJA,TOTEMS,,,#N/A
MT11091,0,EJE CENTRAL , ENTRE ARCOS DE BELÉN Y DE LAS VIZCAÍNAS,CENTRO (AREA 8),#N/A,ALAMEDA,CUAUHTEMOC,CENTRO,19.427144,-99.141921,METRO SEGURO,CON BOTON,SIN ALTAVOZ,TOTEM,2,1,0,0,FIJA,TOTEMS,,,#N/A
MT11158,0,EJE CENTRAL , DELICIAS,CENTRO (AREA 7),#N/A,ALAMEDA,CUAUHTEMOC,CENTRO,19.428106,-99.141846,METRO SEGURO,CON BOTON,SIN ALTAVOZ,TOTEM,2,1,0,0,FIJA,TOTEMS,,,#N/A
MT11163,0,JUAN A. MATEOS ,C. VICENTE BERISTAIN,VISTA ALEGRE,#N/A,ASTURIAS,CUAUHTEMOC,CENTRO,19.410316,-99.133874,METRO SEGURO,CON BOTON,SIN ALTAVOZ,TOTEM,2,1,0,0,FIJA,TOTEMS,,,#N/A
MT11291,0,JUAN A. MATEOS,VICENTE BERISTAIN,VISTA ALEGRE,#N/A,ASTURIAS,CUAUHTEMOC,CENTRO,19.410032,-99.133751,METRO SEGURO,CON BOTON,SIN ALTAVOZ,TOTEM,2,1,0,0,FIJA,TOTEMS,,,#N/A
MT11300,0,PRIV. 16 DE SEPTIEMBRE,AV. AQUILES SERDAN,PASTEROS,#N/A,HORMIGA,AZCAPOTZALCO,PONIENTE,19.491034,-99.195045,METRO SEGURO,CON BOTON,SIN ALTAVOZ,TOTEM,2,1,0,0,FIJA,TOTEMS,,,#N/A
MT12831,0,CALZ. IGNACIO ZARAGOZA,ENTRE AV. CENTRAL Y OTE. 245,AGRICOLA ORIENTAL,#N/A,PANTITLAN,IZTACALCO,NORTE,19.404266,-99.069954,METRO SEGURO,CON BOTON,SIN ALTAVOZ,TOTEM,2,1,0,0,FIJA,TOTEMS,,,#N/A
MT14410,0,EJE 1 NTE MIGUEL LEBRIJA,ALBERTO BRANIFF,ADOLFO LOPEZ MATEOS,#N/A,ARENAL,VENUSTIANO CARRANZA,NORTE,19.415873,-99.074999,METRO SEGURO,CON BOTON,SIN ALTAVOZ,TOTEM,2,1,0,0,FIJA,TOTEMS,,,#N/A
MT14416,0,CALZ. IGNACIO ZARAGOZA,PARADERO ZARAGOZA,CUATRO ARBOLES,#N/A,ARENAL,VENUSTIANO CARRANZA,NORTE,19.412718,-99.08213,METRO SEGURO,CON BOTON,SIN ALTAVOZ,TOTEM,2,1,0,0,FIJA,TOTEMS,,,#N/A
MT14418,0,BLVD. PUERTO AEREO , CALZ. IGNACIO ZARAGOZA,VALENTIN GOMEZ FARIAS,#N/A,ZARAGOZA,VENUSTIANO CARRANZA,NORTE,19.419336,-99.096321,METRO SEGURO,CON BOTON,SIN ALTAVOZ,TOTEM,2,1,0,0,FIJA,TOTEMS,,,#N/A
MT14419,0,CALZ. IGNACIO ZARAGOZA,CALLE 16,MOCTEZUMA 1RA SECCION,#N/A,MERCED-BALBUENA,VENUSTIANO CARRANZA,NORTE,19.423638,-99.102643,METRO SEGURO,CON BOTON,SIN ALTAVOZ,TOTEM,2,1,0,0,FIJA,TOTEMS,,,#N/A
MT14420,0,CALZ. IGNACIO ZARAGOZA,0,MOCTEZUMA 1RA SECCION,#N/A,MERCED-BALBUENA,VENUSTIANO CARRANZA,NORTE,19.427019,-99.109436,METRO SEGURO,CON BOTON,SIN ALTAVOZ,TOTEM,2,1,0,0,FIJA,TOTEMS,,,#N/A
MT14421,0,CALZ. IGNACIO ZARAGOZA,ENTRE 4ª IGNACIO ZARAGOZA Y 3º RET DE ZARAGOZA,JARDIN BALBUENA,#N/A,MERCED-BALBUENA,VENUSTIANO CARRANZA,NORTE,19.42639,-99.109754,METRO SEGURO,CON BOTON,SIN ALTAVOZ,TOTEM,2,1,0,0,FIJA,TOTEMS,,,#N/A
MT14422,0,SALIDA NORTE DE LA ESTACION METRO SAN LAZARO ,0,7 DE JULIO,#N/A,CONGRESO,VENUSTIANO CARRANZA,NORTE,19.430186,-99.113996,METRO SEGURO,CON BOTON,SIN ALTAVOZ,TOTEM,2,1,0,0,FIJA,TOTEMS,,,#N/A
MT14423,0,CALZ IGNACIO ZARAGOZA,AV. INGENIERO EDUARDO MOLINA,7 DE JULIO,#N/A,CONGRESO,VENUSTIANO CARRANZA,NORTE,19.430033,-99.114479,METRO SEGURO,CON BOTON,SIN ALTAVOZ,TOTEM,2,1,0,0,FIJA,TOTEMS,,,#N/A
MT14424,0,SAN CIPRIAN ,ENTRE CORREGIDORA Y CANDELARIA,CANDELARIA DE LOS PATOS F.O.V.I.S.S.S.T.E.,#N/A,CONGRESO,VENUSTIANO CARRANZA,NORTE,19.429874,-99.120865,METRO SEGURO,CON BOTON,SIN ALTAVOZ,TOTEM,2,1,0,0,FIJA,TOTEMS,,,#N/A
MT14425,0,CANDELARIA,ENTRE SAN CIPRIAN Y JUAN DE LA GRANJA,CANDELARIA DE LOS PATOS F.O.V.I.S.S.S.T.E.,#N/A,CONGRESO,VENUSTIANO CARRANZA,NORTE,19.429262,-99.120895,METRO SEGURO,CON BOTON,SIN ALTAVOZ,TOTEM,2,1,0,0,FIJA,TOTEMS,,,#N/A
MT14426,0,CIRCUNVALACION,PLAZA DE SAN PABLO,ZONA CENTRO,#N/A,CONGRESO,VENUSTIANO CARRANZA,NORTE,19.42553893,-99.12523059,METRO SEGURO,CON BOTON,SIN ALTAVOZ,TOTEM,2,1,0,0,FIJA,TOTEMS,,,#N/A
MT14427,0,JOSE MARIA IZAZAGA,JOSE MARIA PINO SUAREZ,CENTRO (AREA 9),#N/A,CENTRO,CUAUHTEMOC,CENTRO,19.426007,-99.132715,METRO SEGURO,CON BOTON,SIN ALTAVOZ,TOTEM,2,1,0,0,FIJA,TOTEMS,,,#N/A
MT14428,0,JOSE MARIA PINO SUAREZ,JOSE MARIA IZAZAGA,CENTRO (AREA 9),#N/A,CENTRO,CUAUHTEMOC,CENTRO,19.425476,-99.132774,METRO SEGURO,CON BOTON,SIN ALTAVOZ,TOTEM,2,1,0,0,FIJA,TOTEMS,,,#N/A
MT14429,0,JOSE MARIA PINO SUAREZ,JOSE MARIA IZAZAGA,CENTRO (AREA 9),#N/A,ALAMEDA,CUAUHTEMOC,CENTRO,19.426222,-99.133125,METRO SEGURO,CON BOTON,SIN ALTAVOZ,TOTEM,2,1,0,0,FIJA,TOTEMS,,,#N/A
MT14430,0,JOSE MARIA IZAZAGA,ISABEL LA CATOLICA,CENTRO (AREA 8),#N/A,ALAMEDA,CUAUHTEMOC,CENTRO,19.426448,-99.137617,METRO SEGURO,CON BOTON,SIN ALTAVOZ,TOTEM,2,1,0,0,FIJA,TOTEMS,,,#N/A
MT14431,0,CALLE DR VALENZUELA,AV ARCOS DE BELEN,DOCTORES,#N/A,ASTURIAS,CUAUHTEMOC,CENTRO,19.42644,-99.14316,METRO SEGURO,CON BOTON,SIN ALTAVOZ,TOTEM,2,1,0,0,FIJA,TOTEMS,,,#N/A
MT14432,0,BALDERAS,TOLSA,CENTRO (AREA 4),#N/A,ALAMEDA,CUAUHTEMOC,CENTRO,19.427683,-99.149071,METRO SEGURO,CON BOTON,SIN ALTAVOZ,TOTEM,2,1,0,0,FIJA,TOTEMS,,,#N/A
MT14433,0,BALDERAS,AV. CHAPULTEPEC,CENTRO (AREA 7),#N/A,ALAMEDA,CUAUHTEMOC,CENTRO,19.427488,-99.148651,METRO SEGURO,CON BOTON,SIN ALTAVOZ,TOTEM,2,1,0,0,FIJA,TOTEMS,,,#N/A
MT14434,0,AV. CHAPULTEPEC,ENTRE ABRAHAM GONZALEZ Y BUCARELI,JUAREZ,#N/A,ANGEL,CUAUHTEMOC,CENTRO,19.425756,-99.154709,METRO SEGURO,CON BOTON,SIN ALTAVOZ,TOTEM,2,1,0,0,FIJA,TOTEMS,,,#N/A
MT14437,0,LORES,CASI ESQ AV. CHAPULTEPEC,JUAREZ,#N/A,ANGEL,CUAUHTEMOC,CENTRO,19.42224314,-99.17093572,METRO SEGURO,CON BOTON,SIN ALTAVOZ,TOTEM,2,1,0,0,FIJA,TOTEMS,,,#N/A
MT14439,0,CTO. INTERIOR MTRO. JOSE VASCONCELOS,ENTRE GRAL. ANTONIO LEON Y GRAL. GOMEZ PEDRAZA,SAN MIGUEL CHAPULTEPEC I SECCION,#N/A,TACUBAYA,MIGUEL HIDALGO,PONIENTE,19.412965,-99.181623,METRO SEGURO,CON BOTON,SIN ALTAVOZ,TOTEM,2,1,0,0,FIJA,TOTEMS,,,#N/A
MT14440,0,ARQUITECTO CARLOS LAZO , CDA RUFINA,TACUBAYA,#N/A,TACUBAYA,MIGUEL HIDALGO,PONIENTE,19.402027,-99.188118,METRO SEGURO,CON BOTON,SIN ALTAVOZ,TOTEM,2,1,0,0,FIJA,TOTEMS,,,#N/A
MT14441,0,CASTELLANOS QUINTO,ENTRE RICARDO TOSCANO Y ARQUITECTO CARLOS LAZO,TACUBAYA,#N/A,TACUBAYA,MIGUEL HIDALGO,PONIENTE,19.402725,-99.188339,METRO SEGURO,CON BOTON,SIN ALTAVOZ,TOTEM,2,1,0,0,FIJA,TOTEMS,,,#N/A
MT14442,0,AV. RIO DE TACUBAY,INTERIOR METRO OBSERVATORIO,JOSE MARIA PINO SUAREZ,#N/A,PLATEROS,ALVARO OBREGON,PONIENTE,19.39814,-99.200256,METRO SEGURO,CON BOTON,SIN ALTAVOZ,TOTEM,2,1,0,0,FIJA,TOTEMS,,,#N/A
MT14443,0,PARADERO CUATRO CAMINOS , INTERIOR DEL METRO CUATRO CAMINOS,ARGENTINA PONIENTE,#N/A,TACUBA,MIGUEL HIDALGO,PONIENTE,19.459885,-99.215889,METRO SEGURO,CON BOTON,SIN ALTAVOZ,TOTEM,2,1,0,0,FIJA,TOTEMS,,,#N/A
MT14444,0,PARADERO CUATRO CAMINOS , INTERIOR DE METRO CUATRO CAMINOS (SALIDA F),ARGENTINA PONIENTE,#N/A,TACUBA,MIGUEL HIDALGO,PONIENTE,19.460785,-99.215408,METRO SEGURO,CON BOTON,SIN ALTAVOZ,TOTEM,2,1,0,0,FIJA,TOTEMS,,,#N/A
MT14445,0,CALZADA MEXICO-TACUBA,ENTRE AV AZCAPOTZALCO Y MAR ARABIGO,TACUBA,#N/A,TACUBA,MIGUEL HIDALGO,PONIENTE,19.459536,-99.188217,METRO SEGURO,CON BOTON,SIN ALTAVOZ,TOTEM,2,1,0,0,FIJA,TOTEMS,,,#N/A
MT14446,0,CALZ. LEGARIA,AQUILES SERDAN (SALIDA DEL METRO TACUBA),TACUBA,#N/A,TACUBA,MIGUEL HIDALGO,PONIENTE,19.458885,-99.188248,METRO SEGURO,CON BOTON,SIN ALTAVOZ,TOTEM,2,1,0,0,FIJA,TOTEMS,,,#N/A
MT14447,0,CALZ. MEXICO-TACUBA,ENTRE CALLEJON DEL POCITO Y CALZ. GRAL. MARIANO ESCOBEDO,POPOTLA,#N/A,TACUBA,MIGUEL HIDALGO,PONIENTE,19.457069,-99.181517,METRO SEGURO,CON BOTON,SIN ALTAVOZ,TOTEM,2,1,0,0,FIJA,TOTEMS,,,#N/A
MT14448,0,CALZADA MEXICO-TACUBA,ENTRE MAR DE JAVA Y CALLEJON DE LA ZANJA,POPOTLA,#N/A,TACUBA,MIGUEL HIDALGO,PONIENTE,19.452982,-99.175405,METRO SEGURO,CON BOTON,SIN ALTAVOZ,TOTEM,2,1,0,0,FIJA,TOTEMS,,,#N/A
MT14449,0,CALZADA MEXICO-TACUBA,ENTRE PLAN DE AYALA Y MAESTRO RURAL,UN HOGAR PARA NOSOTROS,#N/A,TACUBA,MIGUEL HIDALGO,PONIENTE,19.449387,-99.171715,METRO SEGURO,CON BOTON,SIN ALTAVOZ,TOTEM,2,1,0,0,FIJA,TOTEMS,,,#N/A
MT14450,0,FELIPE CARRILLO PUERTO , CALZADA MEXICO-TACUBA,POPOTLA,#N/A,TACUBA,MIGUEL HIDALGO,PONIENTE,19.449106,-99.172112,METRO SEGURO,CON BOTON,SIN ALTAVOZ,TOTEM,2,1,0,0,FIJA,TOTEMS,,,#N/A
MT14451,0,AV. MEXICO TACUBA,TLALOC,TLAXPANA,#N/A,TACUBA,MIGUEL HIDALGO,PONIENTE,19.44438947,-99.16736882,METRO SEGURO,CON BOTON,SIN ALTAVOZ,TOTEM,2,1,0,0,FIJA,TOTEMS,,,#N/A
MT14452,0,AV RIBERA DE SAN COSME,NARANJO,SANTA MARIA LA RIBERA,#N/A,BUENAVISTA,CUAUHTEMOC,CENTRO,19.442038,-99.160678,METRO SEGURO,CON BOTON,SIN ALTAVOZ,TOTEM,2,1,0,0,FIJA,TOTEMS,,,#N/A
MT14453,0,PUENTE DE ALVARADO,BERNAL DIAZ,BUENAVISTA,#N/A,BUENAVISTA,CUAUHTEMOC,CENTRO,19.439482,-99.15448,METRO SEGURO,CON BOTON,SIN ALTAVOZ,TOTEM,2,1,0,0,FIJA,TOTEMS,,,#N/A
MT14454,0,AV HIDALGO,CALLE HEROES,GUERRERO,#N/A,BUENAVISTA,CUAUHTEMOC,CENTRO,19.43774,-99.147537,METRO SEGURO,CON BOTON,SIN ALTAVOZ,TOTEM,2,1,0,0,FIJA,TOTEMS,,,#N/A
MT14455,0,REFORMA,BALDERAS,CENTRO (AREA 4),#N/A,ALAMEDA,CUAUHTEMOC,CENTRO,19.4366272,-99.14717384,METRO SEGURO,CON BOTON,SIN ALTAVOZ,TOTEM,2,1,0,0,FIJA,TOTEMS,,,#N/A
MT14456,0,C. GUERRERO,AV PUENTE DE ALVARADO,BUENAVISTA,#N/A,BUENAVISTA,CUAUHTEMOC,CENTRO,19.43823,-99.149135,METRO SEGURO,CON BOTON,SIN ALTAVOZ,TOTEM,2,1,0,0,FIJA,TOTEMS,,,#N/A
MT14458,0,ANGELA PERALTA,AV HIDALGO,CENTRO (AREA 5),#N/A,ALAMEDA,CUAUHTEMOC,CENTRO,19.435869,-99.141975,METRO SEGURO,CON BOTON,SIN ALTAVOZ,TOTEM,2,1,0,0,FIJA,TOTEMS,,,#N/A
MT14459,0,AV HIDALGO,ENTRE TRUJANO Y EJE CENTRAL,GUERRERO,#N/A,BUENAVISTA,CUAUHTEMOC,CENTRO,19.436644,-99.142212,METRO SEGURO,CON BOTON,SIN ALTAVOZ,TOTEM,2,1,0,0,FIJA,TOTEMS,,,#N/A
MT14460,0,CALLE DE TACUBA,ENTRE IGNACIO Y MOTOLINIA,CENTRO (AREA 2),#N/A,ALAMEDA,CUAUHTEMOC,CENTRO,19.435598,-99.136894,METRO SEGURO,CON BOTON,SIN ALTAVOZ,TOTEM,2,1,0,0,FIJA,TOTEMS,,,#N/A
MT14461,0,CALLE DE TACUBA ,ENTRE CALLE DE BOLIVAR Y CALLE DE MOTOLINEA ,CENTRO (AREA 1),#N/A,ALAMEDA,CUAUHTEMOC,CENTRO,19.435625,-99.137627,METRO SEGURO,CON BOTON,SIN ALTAVOZ,TOTEM,2,1,0,0,FIJA,TOTEMS,,,#N/A
MT14462,0,JOSE MARIA PINO SUAREZ,VENUSTIANO CARRANZA,CENTRO (AREA 6),#N/A,ALAMEDA,CUAUHTEMOC,CENTRO,19.43138775,-99.1325669,METRO SEGURO,CON BOTON,SIN ALTAVOZ,TOTEM,2,1,0,0,FIJA,TOTEMS,,,#N/A
MT14463,0,PLAZA SAN LUCAS , JOSE MARIA PINO SUAREZ Y FRAY SERVANDO TERESA DE MIER,CENTRO (AREA 9),#N/A,CENTRO,CUAUHTEMOC,CENTRO,19.424278,-99.132835,METRO SEGURO,CON BOTON,SIN ALTAVOZ,TOTEM,2,1,0,0,FIJA,TOTEMS,,,#N/A
MT14464,0,PLAZA SAN LUCAS , JOSE MARIA PINO SUAREZ Y FRAY SERVANDO TERESA DE MIER,CENTRO (AREA 9),#N/A,CENTRO,CUAUHTEMOC,CENTRO,19.425318,-99.132935,METRO SEGURO,CON BOTON,SIN ALTAVOZ,TOTEM,2,1,0,0,FIJA,TOTEMS,,,#N/A
MT14465,0,CALZ. SAN ANTONIO ABAD,ENTRE ALFREDO CHAVERO Y GUTIERREZ NAJERA,TRANSITO,#N/A,ASTURIAS,CUAUHTEMOC,CENTRO,19.415885,-99.134355,METRO SEGURO,CON BOTON,SIN ALTAVOZ,TOTEM,2,1,0,0,FIJA,TOTEMS,,,#N/A
MT14466,0,CALZ. SAN ANTONIO ABAD,MANUEL CABALLERO,OBRERA,#N/A,ASTURIAS,CUAUHTEMOC,CENTRO,19.409013,-99.135897,METRO SEGURO,CON BOTON,SIN ALTAVOZ,TOTEM,2,1,0,0,FIJA,TOTEMS,,,#N/A
MT14467,0,TLALPAN,LA CORUÑA,VIADUCTO PIEDAD,#N/A,IZTACCIHUATL,IZTACALCO,NORTE,19.40095509,-99.13664991,METRO SEGURO,CON BOTON,SIN ALTAVOZ,TOTEM,2,1,0,0,FIJA,TOTEMS,,,#N/A
MT14468,0,CALZ. DE TLALPAN,JUANA DE ARCO,MODERNA,#N/A,NATIVITAS,BENITO JUAREZ,SUR,19.395016,-99.137627,METRO SEGURO,CON BOTON,SIN ALTAVOZ,TOTEM,2,1,0,0,FIJA,TOTEMS,,,#N/A
MT14469,0,CALZ. TLALPAN,PLAZA VICTORIA,VILLA DE CORTES,#N/A,NATIVITAS,BENITO JUAREZ,SUR,19.387596,-99.138535,METRO SEGURO,CON BOTON,SIN ALTAVOZ,TOTEM,2,1,0,0,FIJA,TOTEMS,,,#N/A
MT14470,0,CALZ. TLALPAN , AV LAGO Y DON LUIS,NATIVITAS,#N/A,NATIVITAS,BENITO JUAREZ,SUR,19.37939852,-99.13995591,METRO SEGURO,CON BOTON,SIN ALTAVOZ,TOTEM,2,1,0,0,FIJA,TOTEMS,,,#N/A
MT14471,0,TLALPAN,HAMBURGO,ALBERT,#N/A,NATIVITAS,BENITO JUAREZ,SUR,19.36977974,-99.1413343,METRO SEGURO,CON BOTON,SIN ALTAVOZ,TOTEM,2,1,0,0,FIJA,TOTEMS,,,#N/A
MT14472,0,CALZ. TLALPAN,ENTRE AV REPUBLICAS Y PIRINEOS,PORTALES SUR,#N/A,PORTALES,BENITO JUAREZ,SUR,19.36199,-99.143127,METRO SEGURO,CON BOTON,SIN ALTAVOZ,TOTEM,2,1,0,0,FIJA,TOTEMS,,,#N/A
MT14473,0,CALZ. TLALPAN,ENTRE CICLISTAS Y CORREDORES,CHURUBUSCO COUNTRY CLUB,#N/A,TAXQUEÑA,COYOACAN,SUR,19.353068,-99.144825,METRO SEGURO,CON BOTON,SIN ALTAVOZ,TOTEM,2,1,0,0,FIJA,TOTEMS,,,#N/A
MT14474,0,PARADERO METRO TASQUEÑA,ENTRE CALZ. TLALPAN Y CALZ. TAXQUEÑA,CAMPESTRE CHURUBUSCO,#N/A,TAXQUEÑA,COYOACAN,SUR,19.344433,-99.139229,METRO SEGURO,CON BOTON,SIN ALTAVOZ,TOTEM,2,1,0,0,FIJA,TOTEMS,,,#N/A
MT14475,0,PARADERO METRO TASQUEÑA,ENTRE CALZ. TLALPAN Y CALZ. TAXQUEÑA,CAMPESTRE CHURUBUSCO,#N/A,TAXQUEÑA,COYOACAN,SUR,19.342869,-99.139503,METRO SEGURO,CON BOTON,SIN ALTAVOZ,TOTEM,2,1,0,0,FIJA,TOTEMS,,,#N/A
MT14476,0,AV INSURGENTES NORTE , COLCHAHUAC,SANTA ISABEL TOLA,#N/A,QUIROGA,GUSTAVO A. MADERO,NORTE,19.49541968,-99.11871456,METRO SEGURO,CON BOTON,SIN ALTAVOZ,TOTEM,2,1,0,0,FIJA,TOTEMS,,,#N/A
MT14477,0,AV INSURGENTES NORTE,ENTRE MONTIEL Y AV RICARTE,LINDAVISTA,#N/A,LINDAVISTA,GUSTAVO A. MADERO,NORTE,19.485311,-99.126089,METRO SEGURO,CON BOTON,SIN ALTAVOZ,TOTEM,2,1,0,0,FIJA,TOTEMS,,,#N/A
MT14478,0,AV INSURGENTES NORTE , AV NECAXA Y PONIENTE 116,CAPULTITLAN,#N/A,LINDAVISTA,GUSTAVO A. MADERO,NORTE,19.4776,-99.132401,METRO SEGURO,CON BOTON,SIN ALTAVOZ,TOTEM,2,1,0,0,FIJA,TOTEMS,,,#N/A
MT14479,0,AV INSURGENTES NORTE,ENTRE AV VICTORIA E ING CLAUDIO CASTRO,GUADALUPE INSURGENTES,#N/A,TEPEYAC,GUSTAVO A. MADERO,NORTE,19.476618,-99.131767,METRO SEGURO,CON BOTON,SIN ALTAVOZ,TOTEM,2,1,0,0,FIJA,TOTEMS,,,#N/A
MT14480,0,AV INSURGENTES NORTE,ENTRE DELIBES Y BRAHMS,VALLEJO PONIENTE,#N/A,LINDAVISTA,GUSTAVO A. MADERO,NORTE,19.468748,-99.139519,METRO SEGURO,CON BOTON,SIN ALTAVOZ,TOTEM,2,1,0,0,FIJA,TOTEMS,,,#N/A
MT14481,0,AV INSURGENTES NORTE ,ENTRE DELIBES Y DEBUSSY,VALLEJO PONIENTE,#N/A,LINDAVISTA,GUSTAVO A. MADERO,NORTE,19.468723,-99.140129,METRO SEGURO,CON BOTON,SIN ALTAVOZ,TOTEM,2,1,0,0,FIJA,TOTEMS,,,#N/A
MT14482,0,MANUEL GONZALES , GERRERO Y LERDO,NONOALCO TLATELOLCO,#N/A,TLATELOLCO,CUAUHTEMOC,CENTRO,19.454744,-99.143105,METRO SEGURO,CON BOTON,SIN ALTAVOZ,TOTEM,2,1,0,0,FIJA,TOTEMS,,,#N/A
MT14483,0,MANUEL GONZALES,GERRERO Y LERDO,NONOALCO TLATELOLCO,#N/A,TLATELOLCO,CUAUHTEMOC,CENTRO,19.455393,-99.143235,METRO SEGURO,CON BOTON,SIN ALTAVOZ,TOTEM,2,1,0,0,FIJA,TOTEMS,,,#N/A
MT14484,0,ZARCO,EJE 1 NORTE (MOSQUETA),GUERRERO,#N/A,BUENAVISTA,CUAUHTEMOC,CENTRO,19.444771,-99.145142,METRO SEGURO,CON BOTON,SIN ALTAVOZ,TOTEM,2,1,0,0,FIJA,TOTEMS,,,#N/A
MT14486,0,ZARCO,AV PASEO DE LA REFORMA,GUERRERO,#N/A,BUENAVISTA,CUAUHTEMOC,CENTRO,19.437847,-99.146477,METRO SEGURO,CON BOTON,SIN ALTAVOZ,TOTEM,2,1,0,0,FIJA,TOTEMS,,,#N/A
MT14487,0,CHAPULTEPEC , NIÑOS HEROES,DOCTORES,#N/A,ASTURIAS,CUAUHTEMOC,CENTRO,19.426971,-99.149101,METRO SEGURO,CON BOTON,SIN ALTAVOZ,TOTEM,2,1,0,0,FIJA,TOTEMS,,,#N/A
MT14488,0,DOCTOR VELASCO,AV NIÑOS HEROES,DOCTORES,#N/A,ASTURIAS,CUAUHTEMOC,CENTRO,19.419499,-99.150127,METRO SEGURO,CON BOTON,SIN ALTAVOZ,TOTEM,2,1,0,0,FIJA,TOTEMS,,,#N/A
MT14489,0,DR. VELASCO,V. NIÑOS HÉROES,DOCTORES,#N/A,ASTURIAS,CUAUHTEMOC,CENTRO,19.419636,-99.150604,METRO SEGURO,CON BOTON,SIN ALTAVOZ,TOTEM,2,1,0,0,FIJA,TOTEMS,,,#N/A
MT14490,0,DR PASTEUR,ENTRE CUAUHTEMOC Y DR LUCIO,DOCTORES,#N/A,ASTURIAS,CUAUHTEMOC,CENTRO,19.413439,-99.153664,METRO SEGURO,CON BOTON,SIN ALTAVOZ,TOTEM,2,1,0,0,FIJA,TOTEMS,,,#N/A
MT14491,0,AV CUAHUTEMOC,EUGENIA Y CONCEPCION BEISTEGUI,NARVARTE PONIENTE,#N/A,NARVARTE-ALAMOS,BENITO JUAREZ,SUR,19.386441,-99.157027,METRO SEGURO,CON BOTON,SIN ALTAVOZ,TOTEM,2,1,0,0,FIJA,TOTEMS,,,#N/A
MT14493,0,MARTIN MENDALDE ,AV UNIVERSIDAD,ACACIAS,#N/A,DEL VALLE,BENITO JUAREZ,SUR,19.36145623,-99.17101977,METRO SEGURO,CON BOTON,SIN ALTAVOZ,TOTEM,2,1,0,0,FIJA,TOTEMS,,,#N/A
MT14494,0,AV ANTONIO DELFIN MADRIGAL,ENTRE ESCOLAR Y MARIO DE LA CUEVA,CIUDAD UNIVERSITARIA,#N/A,UNIVERSIDAD,COYOACAN,SUR,19.323725,-99.174374,METRO SEGURO,CON BOTON,SIN ALTAVOZ,TOTEM,2,1,0,0,FIJA,TOTEMS,,,#N/A
MT14495,0,AV ANTONIO DELFIN MADRIGAL,ENTRE ESCOLAR Y MARIO DE LA CUEVA,CIUDAD UNIVERSITARIA,#N/A,UNIVERSIDAD,COYOACAN,SUR,19.324513,-99.174279,METRO SEGURO,CON BOTON,SIN ALTAVOZ,TOTEM,2,1,0,0,FIJA,TOTEMS,,,#N/A
MT14496,0,AV ANTONIO DELFIN MADRIGAL,PASEO DE C.U.,CIUDAD UNIVERSITARIA,#N/A,UNIVERSIDAD,COYOACAN,SUR,19.324249,-99.173409,METRO SEGURO,CON BOTON,SIN ALTAVOZ,TOTEM,2,1,0,0,FIJA,TOTEMS,,,#N/A
MT14497,0,AV ANTONIO DELFIN MADRIGAL,PASEO DE C.U.,CIUDAD UNIVERSITARIA,#N/A,UNIVERSIDAD,COYOACAN,SUR,19.323547,-99.17347,METRO SEGURO,CON BOTON,SIN ALTAVOZ,TOTEM,2,1,0,0,FIJA,TOTEMS,,,#N/A
MT14498,0,FF. CC. HIDALGO,ENTRE CALZADA SAN JUAN DE ARAGON Y ORIENTE 153,CONSTITUCION DE LA REPUBLICA,#N/A,QUIROGA,GUSTAVO A. MADERO,NORTE,19.485286,-99.103716,METRO SEGURO,CON BOTON,SIN ALTAVOZ,TOTEM,2,1,0,0,FIJA,TOTEMS,,,#N/A
MT14499,0,GRAL. MARIANO ARISTA,ENTRE ALBINO ZERTUCHE Y J. B. SEPULVEDA,15 DE AGOSTO,#N/A,QUIROGA,GUSTAVO A. MADERO,NORTE,19.484739,-99.105171,METRO SEGURO,CON BOTON,SIN ALTAVOZ,TOTEM,2,1,0,0,FIJA,TOTEMS,,,#N/A
MT14500,0,EJE 2 ORIENTE HONORABLE CONGRESO DE LA UNION,EJE 4 NORTE TALISMAN,AMPLIACION SAN JUAN DE ARAGON,#N/A,CUCHILLA,GUSTAVO A. MADERO,NORTE,19.47421,-99.107918,METRO SEGURO,CON BOTON,SIN ALTAVOZ,TOTEM,2,1,0,0,FIJA,TOTEMS,,,#N/A
MT14501,0,EJE 2 ORIENTE HONORABLE CONGRESO DE LA UNION,EJE 4 NORTE TALISMAN,AMPLIACION SAN JUAN DE ARAGON,#N/A,CUCHILLA,GUSTAVO A. MADERO,NORTE,19.47436,-99.1082,METRO SEGURO,CON BOTON,SIN ALTAVOZ,TOTEM,2,1,0,0,FIJA,TOTEMS,,,#N/A
MT14502,0,EJE 2 ORIENTE HONORABLE CONGRESO DE LA UNION,ORIENTE 103,TABLAS DE SAN AGUSTIN,#N/A,CUCHILLA,GUSTAVO A. MADERO,NORTE,19.464733,-99.112117,METRO SEGURO,CON BOTON,SIN ALTAVOZ,TOTEM,2,1,0,0,FIJA,TOTEMS,,,#N/A
MT14503,0,EJE 2 ORIENTE HONORABLE CONGRESO DE LA UNION ,ENTRE ORIENTE 85 Y ORIENTE 87,MARTIRES DE RIO BLANCO,#N/A,CUCHILLA,GUSTAVO A. MADERO,NORTE,19.45817933,-99.11394296,METRO SEGURO,CON BOTON,SIN ALTAVOZ,TOTEM,2,1,0,0,FIJA,TOTEMS,,,#N/A
MT14504,0,TALABARTEROS,ENTRE EJE 2 ORIENTE HONORABLE CONGRESO DE LA UNION Y JIQUILPAN,JANITZIO,#N/A,CONSULADO,VENUSTIANO CARRANZA,NORTE,19.448984,-99.116562,METRO SEGURO,CON BOTON,SIN ALTAVOZ,TOTEM,2,1,0,0,FIJA,TOTEMS,,,#N/A
MT14505,0,EJE 2 ORIENTE HONORABLE CONGRESO DE LA UNION,TALABARTEROS,MICHOACANA,#N/A,CONSULADO,VENUSTIANO CARRANZA,NORTE,19.448915,-99.115986,METRO SEGURO,CON BOTON,SIN ALTAVOZ,TOTEM,2,1,0,0,FIJA,TOTEMS,,,#N/A
MT14506,0,EJE 2 ORIENTE HONORABLE CONGRESO DE LA UNION,ENTRE HERREROS Y RELOJEROS,MORELOS,#N/A,CONSULADO,VENUSTIANO CARRANZA,NORTE,19.439704,-99.117882,METRO SEGURO,CON BOTON,SIN ALTAVOZ,TOTEM,2,1,0,0,FIJA,TOTEMS,,,#N/A
MT14507,0,EJE 2 ORIENTE HONORABLE CONGRESO DE LA UNION,HERREROS,MORELOS,#N/A,CONSULADO,VENUSTIANO CARRANZA,NORTE,19.439769,-99.118441,METRO SEGURO,CON BOTON,SIN ALTAVOZ,TOTEM,2,1,0,0,FIJA,TOTEMS,,,#N/A
MT14508,0,EJE 2 ORIENTE HONORABLE CONGRESO DE LA UNION , CANDELARIA,ZONA CENTRO,#N/A,CONGRESO,VENUSTIANO CARRANZA,NORTE,19.42927,-99.119629,METRO SEGURO,CON BOTON,SIN ALTAVOZ,TOTEM,2,1,0,0,FIJA,TOTEMS,,,#N/A
MT14509,0,CONGRESO DE UNION,GENERAL ANAYA,ZONA CENTRO,#N/A,CONGRESO,VENUSTIANO CARRANZA,NORTE,19.42803775,-99.11980598,METRO SEGURO,CON BOTON,SIN ALTAVOZ,TOTEM,2,1,0,0,FIJA,TOTEMS,,,#N/A
MT14510,0,EJE 2 ORIENTE HONORABLE CONGRESO DE LA UNION,FRAY SERVANDO TERESA DE MIER (PARQUE PERIODISTAS),DEL PARQUE,#N/A,CONGRESO,VENUSTIANO CARRANZA,NORTE,19.421456,-99.120143,METRO SEGURO,CON BOTON,SIN ALTAVOZ,TOTEM,2,1,0,0,FIJA,TOTEMS,,,#N/A
MT14511,0,EJE 2 ORIENTE HONORABLE CONGRESO DE LA UNION,ENTRE FRAY SERVANDO TERESA DE MIER Y OTE 28,MERCED BALBUENA,#N/A,MERCED-BALBUENA,VENUSTIANO CARRANZA,NORTE,19.421766,-99.120774,METRO SEGURO,CON BOTON,SIN ALTAVOZ,TOTEM,2,1,0,0,FIJA,TOTEMS,,,#N/A
MT14512,0,EJE 2 ORIENTE HONORABLE CONGRESO DE LA UNION,MAGDALENA MIXIUHCA,PUEBLO DE LA MAGDALENA MIXIUHCA,#N/A,MERCED-BALBUENA,VENUSTIANO CARRANZA,NORTE,19.410913,-99.121484,METRO SEGURO,CON BOTON,SIN ALTAVOZ,TOTEM,2,1,0,0,FIJA,TOTEMS,,,#N/A
MT14513,0,EJE 2 ORIENTE HONORABLE CONGRESO DE LA UNION,ROA BARCENAS,SEVILLA,#N/A,MERCED-BALBUENA,VENUSTIANO CARRANZA,NORTE,19.410895,-99.122011,METRO SEGURO,CON BOTON,SIN ALTAVOZ,TOTEM,2,1,0,0,FIJA,TOTEMS,,,#N/A
MT14514,0,EJE 2 ORIENTE HONORABLE CONGRESO DE LA UNION,ENTRE CANAL NACIONAL Y AV. HIDALGO,SANTA ANITA,#N/A,IZTACCIHUATL,IZTACALCO,NORTE,19.40237,-99.122025,METRO SEGURO,CON BOTON,SIN ALTAVOZ,TOTEM,2,1,0,0,FIJA,TOTEMS,,,#N/A
MT14515,0,MANUEL LEBRIJA,ADOLFO LOPEZ MATEOS,ADOLFO LOPEZ MATEOS,#N/A,ARENAL,VENUSTIANO CARRANZA,NORTE,19.414997,-99.074768,METRO SEGURO,CON BOTON,SIN ALTAVOZ,TOTEM,2,1,0,0,FIJA,TOTEMS,,,#N/A
MT14519,0,EJE 1 NORTE FUERZA AEREA MEXICANA,ASISTENCIA PUBLICA,MEXICO,#N/A,ZARAGOZA,VENUSTIANO CARRANZA,NORTE,19.424538,-99.088094,METRO SEGURO,CON BOTON,SIN ALTAVOZ,TOTEM,2,1,0,0,FIJA,TOTEMS,,,#N/A
MT14520,0,EJE 1 NORTE FUERZA AEREA MEXICANA,ASISTENCIA PUBLICA,FEDERAL,#N/A,ZARAGOZA,VENUSTIANO CARRANZA,NORTE,19.424244,-99.088439,METRO SEGURO,CON BOTON,SIN ALTAVOZ,TOTEM,2,1,0,0,FIJA,TOTEMS,,,#N/A
MT14521,0,PUERTO MEXICO,SONORA,MEXICO,#N/A,MOCTEZUMA,VENUSTIANO CARRANZA,NORTE,19.433989,-99.087616,METRO SEGURO,CON BOTON,SIN ALTAVOZ,TOTEM,2,1,0,0,FIJA,TOTEMS,,,#N/A
MT14522,0,CIRCUITO INTERIOR,SONORA,MEXICO,#N/A,MOCTEZUMA,VENUSTIANO CARRANZA,NORTE,19.433931,-99.088013,METRO SEGURO,CON BOTON,SIN ALTAVOZ,TOTEM,2,1,0,0,FIJA,TOTEMS,,,#N/A
MT14523,0,BLVD. PUERTO AEREO,RIO CONSULADO,MEXICO,#N/A,MOCTEZUMA,VENUSTIANO CARRANZA,NORTE,19.435004,-99.087975,METRO SEGURO,CON BOTON,SIN ALTAVOZ,TOTEM,2,1,0,0,FIJA,TOTEMS,,,#N/A
MT14524,0,CIRCUITO INTERIOR,NORTE 172,PENSADOR MEXICANO,#N/A,MOCTEZUMA,VENUSTIANO CARRANZA,NORTE,19.444525,-99.087105,METRO SEGURO,CON BOTON,SIN ALTAVOZ,TOTEM,2,1,0,0,FIJA,TOTEMS,,,#N/A
MT14525,0,CIRCUITO INTERIOR,AV OCEANIA,PENSADOR MEXICANO,#N/A,MOCTEZUMA,VENUSTIANO CARRANZA,NORTE,19.445129,-99.086629,METRO SEGURO,CON BOTON,SIN ALTAVOZ,TOTEM,2,1,0,0,FIJA,TOTEMS,,,#N/A
MT14526,0,CIRCUITO INTERIOR,ENTRE RUPIAS Y PENIQUES,SIMON BOLIVAR,#N/A,MOCTEZUMA,VENUSTIANO CARRANZA,NORTE,19.450956,-99.096268,METRO SEGURO,CON BOTON,SIN ALTAVOZ,TOTEM,2,1,0,0,FIJA,TOTEMS,,,#N/A
MT14527,0,CIRCUITO INTERIOR , DOLARES,FERNANDO CASAS ALEMAN,#N/A,ARAGON,GUSTAVO A. MADERO,NORTE,19.451511,-99.096222,METRO SEGURO,CON BOTON,SIN ALTAVOZ,TOTEM,2,1,0,0,FIJA,TOTEMS,,,#N/A
MT14528,0,CIRCUITO INTERIOR,ENTRE GRABADOS Y DECORADO,5TO TRAMO 20 DE NOVIEMBRE,#N/A,MOCTEZUMA,VENUSTIANO CARRANZA,NORTE,19.451223,-99.105506,METRO SEGURO,CON BOTON,SIN ALTAVOZ,TOTEM,2,1,0,0,FIJA,TOTEMS,,,#N/A
MT14530,0,CIRCUITO INTERIOR,CUARZO,FELIPE ANGELES,#N/A,CONSULADO,VENUSTIANO CARRANZA,NORTE,19.454697,-99.113556,METRO SEGURO,CON BOTON,SIN ALTAVOZ,TOTEM,2,1,0,0,FIJA,TOTEMS,,,#N/A
MT14532,0,RIO CONSULADO,REAL DEL MONTE,VALLE GOMEZ,#N/A,CONSULADO,VENUSTIANO CARRANZA,NORTE,19.458616,-99.119514,METRO SEGURO,CON BOTON,SIN ALTAVOZ,TOTEM,2,1,0,0,FIJA,TOTEMS,,,#N/A
MT14533,0,RIO CONSULADO,NORTE 50,7 DE NOVIEMBRE,#N/A,CUCHILLA,GUSTAVO A. MADERO,NORTE,19.459073,-99.119323,METRO SEGURO,CON BOTON,SIN ALTAVOZ,TOTEM,2,1,0,0,FIJA,TOTEMS,,,#N/A
MT14534,0,RIO CONSULADO , FLORENCIO CONSTANTINO,PERALVILLO,#N/A,TLATELOLCO,CUAUHTEMOC,CENTRO,19.462866,-99.130577,METRO SEGURO,CON BOTON,SIN ALTAVOZ,TOTEM,2,1,0,0,FIJA,TOTEMS,,,#N/A
MT14535,0,RIO CONSULADO,FLORENCIO CONSTANTINO,VALLEJO,#N/A,TEPEYAC,GUSTAVO A. MADERO,NORTE,19.463462,-99.130345,METRO SEGURO,CON BOTON,SIN ALTAVOZ,TOTEM,2,1,0,0,FIJA,TOTEMS,,,#N/A
MT14536,0,EJE CENTRAL,ABUNDIO MARTINEZ,VALLEJO,#N/A,TEPEYAC,GUSTAVO A. MADERO,NORTE,19.469913,-99.136973,METRO SEGURO,CON BOTON,SIN ALTAVOZ,TOTEM,2,1,0,0,FIJA,TOTEMS,,,#N/A
MT14538,0,EJE CENTRAL,ENTRE PONIENTE 128 Y 134,NUEVA VALLEJO,#N/A,LINDAVISTA,GUSTAVO A. MADERO,NORTE,19.488772,-99.14496,METRO SEGURO,CON BOTON,SIN ALTAVOZ,TOTEM,2,1,0,0,FIJA,TOTEMS,,,#N/A
MT14539,0,EJE CENTRAL,DIANA,NUEVA INDUSTRIAL VALLEJO,#N/A,TICOMAN,GUSTAVO A. MADERO,NORTE,19.500967,-99.14862,METRO SEGURO,CON BOTON,SIN ALTAVOZ,TOTEM,2,1,0,0,FIJA,TOTEMS,,,#N/A
MT14545,0,AHUEHUETES,ENTRE SUACES Y JACARANDAS,PASTEROS,#N/A,HORMIGA,AZCAPOTZALCO,PONIENTE,19.495185,-99.196144,METRO SEGURO,CON BOTON,SIN ALTAVOZ,TOTEM,2,1,0,0,FIJA,TOTEMS,,,#N/A
MT14546,0,AV. REFINERIA AZCAPOTZALCO,TEPANTONGO,SAN ANDRES,#N/A,HORMIGA,AZCAPOTZALCO,PONIENTE,19.490878,-99.186001,METRO SEGURO,CON BOTON,SIN ALTAVOZ,TOTEM,2,1,0,0,FIJA,TOTEMS,,,#N/A
MT14549,0,PONIENTE 134,ENTRE NORTE 23-A Y EJE CENTRAL LAZARO CARDENAS,NUEVA VALLEJO,#N/A,LINDAVISTA,GUSTAVO A. MADERO,NORTE,19.490758,-99.147635,METRO SEGURO,CON BOTON,SIN ALTAVOZ,TOTEM,2,1,0,0,FIJA,TOTEMS,,,#N/A
MT14550,0,PONIENTE 134,ENTRE NORTE 23-A Y EJE CENTRAL LAZARO. CARDENAS,LINDAVISTA VALLEJO III SECCION,#N/A,LINDAVISTA,GUSTAVO A. MADERO,NORTE,19.491165,-99.148346,METRO SEGURO,CON BOTON,SIN ALTAVOZ,TOTEM,2,1,0,0,FIJA,TOTEMS,,,#N/A
MT14551,0,COLECTOR 13,ENTRE PAYTA Y AV. INSTITUTO POLIETCNICO NACIONAL,LINDAVISTA,#N/A,LINDAVISTA,GUSTAVO A. MADERO,NORTE,19.487791,-99.134666,METRO SEGURO,CON BOTON,SIN ALTAVOZ,TOTEM,2,1,0,0,FIJA,TOTEMS,,,#N/A
MT14552,0,COLECTOR 13,PAYTA,LINDAVISTA,#N/A,LINDAVISTA,GUSTAVO A. MADERO,NORTE,19.488115,-99.134758,METRO SEGURO,CON BOTON,SIN ALTAVOZ,TOTEM,2,1,0,0,FIJA,TOTEMS,,,#N/A
MT14553,0,AV. INSURGENTES NORTE,AV. RICARTE,TEPEYAC INSURGENTES,#N/A,TEPEYAC,GUSTAVO A. MADERO,NORTE,19.483429,-99.125842,METRO SEGURO,CON BOTON,SIN ALTAVOZ,TOTEM,2,1,0,0,FIJA,TOTEMS,,,#N/A
MT14555,0,AV RICARTE,ENTRE CALZ. DE LOS MISTERIOS Y CALZ. DE GUADALUPE,TEPEYAC INSURGENTES,#N/A,TEPEYAC,GUSTAVO A. MADERO,NORTE,19.481704,-99.118883,METRO SEGURO,CON BOTON,SIN ALTAVOZ,TOTEM,2,1,0,0,FIJA,TOTEMS,,,#N/A
MT14556,0,F.C. MEXICANO,CALZ. SAN JUAN DE ARAGON,VILLA GUSTAVO A MADERO,#N/A,QUIROGA,GUSTAVO A. MADERO,NORTE,19.482445,-99.10688,METRO SEGURO,CON BOTON,SIN ALTAVOZ,TOTEM,2,1,0,0,FIJA,TOTEMS,,,#N/A
MT14943,0,AV.TLÁHUAC,ENTRE JOSÉ BERNAL Y ANTONIO BÉJAR,ZONA RUSTICA TLÁHUAC,#N/A,MIXQUIC,TLAHUAC,ORIENTE,19.286413,-99.0147,METRO SEGURO,CON BOTON,SIN ALTAVOZ,TOTEM,2,1,0,0,FIJA,TOTEMS,,,#N/A
MT14944,0,AV.TLÁHUAC , JOSÉ BERNAL,ZACATENCO,#N/A,MIXQUIC,TLAHUAC,ORIENTE,19.285353,-99.014297,METRO SEGURO,CON BOTON,SIN ALTAVOZ,TOTEM,2,1,0,0,FIJA,TOTEMS,,,#N/A
MT14945,0,AV. TLÁHUAC,JOSE BERNAL,ZONA RUSTICA TLÁHUAC,#N/A,MIXQUIC,TLAHUAC,ORIENTE,19.286432,-99.013756,METRO SEGURO,CON BOTON,SIN ALTAVOZ,TOTEM,2,1,0,0,FIJA,TOTEMS,,,#N/A
MT14948,0,AV. TLÁHUAC,CALLE MANUEL M. LÓPEZ,SANTA ANA PONIENTE,#N/A,ZAPOTITLA,TLAHUAC,ORIENTE,19.300205,-99.046203,METRO SEGURO,CON BOTON,SIN ALTAVOZ,TOTEM,2,1,0,0,FIJA,TOTEMS,,,#N/A
MT14949,0,AV. TLÁHUAC,PANAL,LAS ARBOLEDAS,#N/A,ZAPOTITLA,TLAHUAC,ORIENTE,19.304357,-99.059165,METRO SEGURO,CON BOTON,SIN ALTAVOZ,TOTEM,2,1,0,0,FIJA,TOTEMS,,,#N/A
MT14950,0,AV. TLÁHUAC,I. MARÍA BARRERA,EL ROSARIO,#N/A,TEZONCO,IZTAPALAPA,ORIENTE,19.306332,-99.065868,METRO SEGURO,CON BOTON,SIN ALTAVOZ,TOTEM,2,1,0,0,FIJA,TOTEMS,,,#N/A
MT14951,0,AV. TLÁHUAC,ENTRE IGNACIO ZARAGOZA Y ANILLO PERIFÉRICO,AÑO DE JUAREZ,#N/A,TEZONCO,IZTAPALAPA,ORIENTE,19.317678,-99.074478,METRO SEGURO,CON BOTON,SIN ALTAVOZ,TOTEM,2,1,0,0,FIJA,TOTEMS,,,#N/A
MT14952,0,AV.TLAHUAC,CASI ESQ. CANAL DE GARAY,MIRASOLES,#N/A,TEZONCO,IZTAPALAPA,ORIENTE,19.31733881,-99.07453857,METRO SEGURO,CON BOTON,SIN ALTAVOZ,TOTEM,2,1,0,0,FIJA,TOTEMS,,,#N/A
MT14953,0,AV. TLÁHUAC,ENTRE AV. 11 Y TECNICOS Y MANUALES,GRANJAS ESTRELLA,#N/A,ESTRELLA,IZTAPALAPA,ORIENTE,19.320556,-99.085715,METRO SEGURO,CON BOTON,SIN ALTAVOZ,TOTEM,2,1,0,0,FIJA,TOTEMS,,,#N/A
MT14954,0,AV. TLÁHUAC,ENTRE AV. 11 Y TECNICOS Y MANUALES,LOMAS ESTRELLA 2A SECCION,#N/A,ESTRELLA,IZTAPALAPA,ORIENTE,19.32038989,-99.08576306,METRO SEGURO,CON BOTON,SIN ALTAVOZ,TOTEM,2,1,0,0,FIJA,TOTEMS,,,#N/A
MT14955,0,AV. TLÁHUAC,ENTRE LESINA Y BAHAMAS,LOMAS ESTRELLA 1A SECCION,#N/A,ESTRELLA,IZTAPALAPA,ORIENTE,19.322381,-99.095901,METRO SEGURO,CON BOTON,SIN ALTAVOZ,TOTEM,2,1,0,0,FIJA,TOTEMS,,,#N/A
MT14956,0,AV. TLÁHUAC,ENTRE PASEO DE LAS GALIAS Y SIRACUSA,LOMAS ESTRELLA 2A SECCION,#N/A,ESTRELLA,IZTAPALAPA,ORIENTE,19.322101,-99.095795,METRO SEGURO,CON BOTON,SIN ALTAVOZ,TOTEM,2,1,0,0,FIJA,TOTEMS,,,#N/A
MT14957,0,AV. TLÁHUAC,LUIS FRANCISCO BREGUET Y HERMANOS WRIGHT,SAN ANDRES TOMATLAN,#N/A,ESTRELLA,IZTAPALAPA,ORIENTE,19.328039,-99.104036,METRO SEGURO,CON BOTON,SIN ALTAVOZ,TOTEM,2,1,0,0,FIJA,TOTEMS,,,#N/A
MT14958,0,AV. TLÁHUAC,ENTRE 2A ÓRGANO Y CDA DE PINO,SAN ANDRES TOMATLAN,#N/A,ESTRELLA,IZTAPALAPA,ORIENTE,19.32826,-99.104924,METRO SEGURO,CON BOTON,SIN ALTAVOZ,TOTEM,2,1,0,0,FIJA,TOTEMS,,,#N/A
MT14959,0,AV. TLÁHUAC,ENTRE CALZ. TAXQUEÑA Y JACOBO WATT,SAN ANTONIO CULHUACAN,#N/A,GRANJAS,IZTAPALAPA,ORIENTE,19.336826,-99.10905,METRO SEGURO,CON BOTON,SIN ALTAVOZ,TOTEM,2,1,0,0,FIJA,TOTEMS,,,#N/A
MT14961,0,ERMITA IZTAPALAPA,CAMPECINOS,SANTA ISABEL INDUSTRIAL,#N/A,GRANJAS,IZTAPALAPA,ORIENTE,19.35255001,-99.10614523,METRO SEGURO,CON BOTON,SIN ALTAVOZ,TOTEM,2,1,0,0,FIJA,TOTEMS,,,#N/A
MT14962,0,ERMITA IZTAPALAPA,ENTRE CAPRICORNIO Y LEON ,ERMITA CHURUBUSCO,#N/A,TAXQUEÑA,COYOACAN,SUR,19.357802,-99.123666,METRO SEGURO,CON BOTON,SIN ALTAVOZ,TOTEM,2,1,0,0,FIJA,TOTEMS,,,#N/A
MT14963,0,ERMITA IZTAPALAPA,ENTRE LEO Y CAPRICORNIO,CACAMA,#N/A,CHURUBUSCO,IZTAPALAPA,ORIENTE,19.35794,-99.123818,METRO SEGURO,CON BOTON,SIN ALTAVOZ,TOTEM,2,1,0,0,FIJA,TOTEMS,,,#N/A
MT14964,0,EJE 8 SUR (ERMITA IZTAPALAPA),FCO. ROJAS GONZÁLEZ,MIRAVALLE,#N/A,NATIVITAS,BENITO JUAREZ,SUR,19.35975263,-99.14069796,METRO SEGURO,CON BOTON,SIN ALTAVOZ,TOTEM,2,1,0,0,FIJA,TOTEMS,,,#N/A
MT14965,0,ERMITA IZTAPALAPA,MIRAVALLE,MIRAVALLE,#N/A,NATIVITAS,BENITO JUAREZ,SUR,19.359881,-99.140773,METRO SEGURO,CON BOTON,SIN ALTAVOZ,TOTEM,2,1,0,0,FIJA,TOTEMS,,,#N/A
MT14966,0,EJE 8,EJE CENTRAL,PORTALES SUR,#N/A,PORTALES,BENITO JUAREZ,SUR,19.361259,-99.15158382,METRO SEGURO,CON BOTON,SIN ALTAVOZ,TOTEM,2,1,0,0,FIJA,TOTEMS,,,#N/A
MT14967,0,EJE CENTRAL LAZARO CARDENAS,ENTRE AV POPOCATÉPETL Y AV PIRINEOS,PORTALES SUR,#N/A,PORTALES,BENITO JUAREZ,SUR,19.361734,-99.15126,METRO SEGURO,CON BOTON,SIN ALTAVOZ,TOTEM,2,1,0,0,FIJA,TOTEMS,,,#N/A
MT14968,0,EJE CENTRAL LAZARO CARDENAS,ENTRE AV POPOCATÉPETL Y AV PIRINEOS,PORTALES SUR,#N/A,PORTALES,BENITO JUAREZ,SUR,19.361759,-99.151485,METRO SEGURO,CON BOTON,SIN ALTAVOZ,TOTEM,2,1,0,0,FIJA,TOTEMS,,,#N/A
MT14969,0,MUNICIPIO LIBRE,UXMAL,RESIDENCIAL EMPERADORES,#N/A,PORTALES,BENITO JUAREZ,SUR,19.370564,-99.158651,METRO SEGURO,CON BOTON,SIN ALTAVOZ,TOTEM,2,1,0,0,FIJA,TOTEMS,,,#N/A
MT14970,0,MUNICIPIO LIBRE,ENTRE UXMAL E IXCATEOPAN,SANTA CRUZ ATOYAC,#N/A,PORTALES,BENITO JUAREZ,SUR,19.370773,-99.159042,METRO SEGURO,CON BOTON,SIN ALTAVOZ,TOTEM,2,1,0,0,FIJA,TOTEMS,,,#N/A
MT14971,0,MUNICIPIO LIBRE,ENTRE XOCHICALCO Y UXMAL,SANTA CRUZ ATOYAC,#N/A,PORTALES,BENITO JUAREZ,SUR,19.370647,-99.158346,METRO SEGURO,CON BOTON,SIN ALTAVOZ,TOTEM,2,1,0,0,FIJA,TOTEMS,,,#N/A
MT14972,0,AV. FÉLIX CUEVAS,ENTRE ANICETO ORTEGA Y NICOLAS SAN JUAN,DEL VALLE SUR,#N/A,DEL VALLE,BENITO JUAREZ,SUR,19.371171,-99.166803,METRO SEGURO,CON BOTON,SIN ALTAVOZ,TOTEM,2,1,0,0,FIJA,TOTEMS,,,#N/A
MT14973,0,AV. FÉLIX CUEVAS,ENTRE ANICETO ORTEGA Y NICOLAS SAN JUAN,DEL VALLE SUR,#N/A,DEL VALLE,BENITO JUAREZ,SUR,19.370999,-99.166894,METRO SEGURO,CON BOTON,SIN ALTAVOZ,TOTEM,2,1,0,0,FIJA,TOTEMS,,,#N/A
MT14974,0,AV. FÉLIX CUEVAS,ENTRE AV. UNIVERSIDAD Y CDA JUAN SANCHEZ AZCONA,DEL VALLE SUR,#N/A,DEL VALLE,BENITO JUAREZ,SUR,19.370647,-99.165316,METRO SEGURO,CON BOTON,SIN ALTAVOZ,TOTEM,2,1,0,0,FIJA,TOTEMS,,,#N/A
MT14975,0,AV. FÉLIX CUEVAS,HERIBERTO FRÍASD,DEL VALLE SUR,#N/A,DEL VALLE,BENITO JUAREZ,SUR,19.3708,-99.165193,METRO SEGURO,CON BOTON,SIN ALTAVOZ,TOTEM,2,1,0,0,FIJA,TOTEMS,,,#N/A
MT14976,0,AV. UNIVERSIDAD,MUNICIPIO LIBRE,SANTA CRUZ ATOYAC,#N/A,PORTALES,BENITO JUAREZ,SUR,19.370499,-99.164763,METRO SEGURO,CON BOTON,SIN ALTAVOZ,TOTEM,2,1,0,0,FIJA,TOTEMS,,,#N/A
MT14977,0,AV. FÉLIX CUEVAS,RECREO,DEL VALLE SUR,#N/A,DEL VALLE,BENITO JUAREZ,SUR,19.37318,-99.177176,METRO SEGURO,CON BOTON,SIN ALTAVOZ,TOTEM,2,1,0,0,FIJA,TOTEMS,,,#N/A
MT14978,0,AV FELIX CUEVAS,ENTRE FRESA Y TEJOCOTE,TLACOQUEMECATL,#N/A,DEL VALLE,BENITO JUAREZ,SUR,19.37339326,-99.17711982,METRO SEGURO,CON BOTON,SIN ALTAVOZ,TOTEM,2,1,0,0,FIJA,TOTEMS,,,#N/A
MT14979,0,AV. FÉLIX CUEVAS,ENTRE MANZANAS E INSURGENTES SUR,TLACOQUEMECATL,#N/A,DEL VALLE,BENITO JUAREZ,SUR,19.373705,-99.178524,METRO SEGURO,CON BOTON,SIN ALTAVOZ,TOTEM,2,1,0,0,FIJA,TOTEMS,,,#N/A
MT14980,0,AV. FÉLIX CUEVAS,ENTRE OSO E INSURGENTES SUR,DEL VALLE SUR,#N/A,DEL VALLE,BENITO JUAREZ,SUR,19.373536,-99.178579,METRO SEGURO,CON BOTON,SIN ALTAVOZ,TOTEM,2,1,0,0,FIJA,TOTEMS,,,#N/A
MT14981,0,CALLE DE EMPRESA,ENTRE AVENIDA PATRIOTISMO Y POUSSIN,SAN JUAN,#N/A,NAPOLES,BENITO JUAREZ,SUR,19.376118,-99.186277,METRO SEGURO,CON BOTON,SIN ALTAVOZ,TOTEM,2,1,0,0,FIJA,TOTEMS,,,#N/A
MT14982,0,CALLE DE EMPRESA,ENTRE AVENIDA PATRIOTISMO Y AV. REVOLUCIÓN,INSURGENTES MIXCOAC,#N/A,NAPOLES,BENITO JUAREZ,SUR,19.376203,-99.18684,METRO SEGURO,CON BOTON,SIN ALTAVOZ,TOTEM,2,1,0,0,FIJA,TOTEMS,,,#N/A
MT14984,0,AV. PATRIOTISMO (CIRCUITO INTERIOR),AV. EXTREMADURA,INSURGENTES MIXCOAC,#N/A,NAPOLES,BENITO JUAREZ,SUR,19.375529,-99.186722,METRO SEGURO,CON BOTON,SIN ALTAVOZ,TOTEM,2,1,0,0,FIJA,TOTEMS,,,#N/A
MT14985,0,AV 608,ENTRE AV 661 Y AV. 412,SAN JUAN DE ARAGON IV SECCION,#N/A,ARAGON,GUSTAVO A. MADERO,NORTE,19.46129,-99.061241,METRO SEGURO,CON BOTON,SIN ALTAVOZ,TOTEM,2,1,0,0,FIJA,TOTEMS,,,#N/A
MT14986,0,AV 608,ENTRE CALLE 1561 Y AV 661,SAN JUAN DE ARAGON IV SECCION,#N/A,ARAGON,GUSTAVO A. MADERO,NORTE,19.46196,-99.061489,METRO SEGURO,CON BOTON,SIN ALTAVOZ,TOTEM,2,1,0,0,FIJA,TOTEMS,,,#N/A
MT14987,0,AV 608,AV 508,SAN JUAN DE ARAGON III SECCION,#N/A,ARAGON,GUSTAVO A. MADERO,NORTE,19.451006,-99.078765,METRO SEGURO,CON BOTON,SIN ALTAVOZ,TOTEM,2,1,0,0,FIJA,TOTEMS,,,#N/A
MT14988,0,AV 608,AV 508,SAN JUAN DE ARAGON IV SECCION,#N/A,ARAGON,GUSTAVO A. MADERO,NORTE,19.451488,-99.07906,METRO SEGURO,CON BOTON,SIN ALTAVOZ,TOTEM,2,1,0,0,FIJA,TOTEMS,,,#N/A
MT14989,0,AV OCEANIA,AV CIRCUITO INTERIOR,PENSADOR MEXICANO,#N/A,MOCTEZUMA,VENUSTIANO CARRANZA,NORTE,19.445196,-99.087418,METRO SEGURO,CON BOTON,SIN ALTAVOZ,TOTEM,2,1,0,0,FIJA,TOTEMS,,,#N/A
MT14990,0,CTO. INTERIOIR,AV. OCEANIA,PENSADOR MEXICANO,#N/A,MOCTEZUMA,VENUSTIANO CARRANZA,NORTE,19.44581298,-99.08662425,METRO SEGURO,CON BOTON,SIN ALTAVOZ,TOTEM,2,1,0,0,FIJA,TOTEMS,,,#N/A
MT14991,0,AV OCEANIA,AV CIRCUITO INTERIOR,SAN JUAN DE ARAGON I SECCION,#N/A,ARAGON,GUSTAVO A. MADERO,NORTE,19.446218,-99.086929,METRO SEGURO,CON BOTON,SIN ALTAVOZ,TOTEM,2,1,0,0,FIJA,TOTEMS,,,#N/A
MT14992,0,AV OCEANIA,ENTRE CALLE PEKIN Y MARRUECOS,ROMERO RUBIO,#N/A,MOCTEZUMA,VENUSTIANO CARRANZA,NORTE,19.440828,-99.094712,METRO SEGURO,CON BOTON,SIN ALTAVOZ,TOTEM,2,1,0,0,FIJA,TOTEMS,,,#N/A
MT14993,0,AV OCEANIA,ORIENTE 158,MOCTEZUMA 2DA SECCION,#N/A,MOCTEZUMA,VENUSTIANO CARRANZA,NORTE,19.440428,-99.094536,METRO SEGURO,CON BOTON,SIN ALTAVOZ,TOTEM,2,1,0,0,FIJA,TOTEMS,,,#N/A
MT14994,0,AV. OCEANIA,ENTRE OTE 158 Y AV. DEL PEÑON,MOCTEZUMA 2DA SECCION,#N/A,MOCTEZUMA,VENUSTIANO CARRANZA,NORTE,19.44078332,-99.09377996,METRO SEGURO,CON BOTON,SIN ALTAVOZ,TOTEM,2,1,0,0,FIJA,TOTEMS,,,#N/A
MT14995,0,AV OCEANIA,ENTRE NORTE 25 Y NORTE 29,MOCTEZUMA 2DA SECCION,#N/A,MOCTEZUMA,VENUSTIANO CARRANZA,NORTE,19.436472,-99.103312,METRO SEGURO,CON BOTON,SIN ALTAVOZ,TOTEM,2,1,0,0,FIJA,TOTEMS,,,#N/A
MT14996,0,AV OCEANIA,NORTE 25,MOCTEZUMA 2DA SECCION,#N/A,MOCTEZUMA,VENUSTIANO CARRANZA,NORTE,19.436249,-99.103819,METRO SEGURO,CON BOTON,SIN ALTAVOZ,TOTEM,2,1,0,0,FIJA,TOTEMS,,,#N/A
MT14997,0,ARTILLEROS , SALIDA AL PARADERO,7 DE JULIO,#N/A,CONGRESO,VENUSTIANO CARRANZA,NORTE,19.431696,-99.113808,METRO SEGURO,CON BOTON,SIN ALTAVOZ,TOTEM,2,1,0,0,FIJA,TOTEMS,,,#N/A
MT14998,0,NACIONAL,AV DEL TRABAJO,MORELOS,#N/A,CONGRESO,VENUSTIANO CARRANZA,NORTE,19.4392,-99.119997,METRO SEGURO,CON BOTON,SIN ALTAVOZ,TOTEM,2,1,0,0,FIJA,TOTEMS,,,#N/A
MT14999,0,AV DEL TRABAJO , NACIONAL,MORELOS,#N/A,CONSULADO,VENUSTIANO CARRANZA,NORTE,19.439257,-99.119537,METRO SEGURO,CON BOTON,SIN ALTAVOZ,TOTEM,2,1,0,0,FIJA,TOTEMS,,,#N/A
MT15007,0,EJE 1 NORTE,IGNACIO ALLENDE,CENTRO (AREA 2),#N/A,CENTRO,CUAUHTEMOC,CENTRO,19.443657,-99.136741,METRO SEGURO,CON BOTON,SIN ALTAVOZ,TOTEM,2,1,0,0,FIJA,TOTEMS,,,#N/A
MT15008,0,EJE 1 NORTE (LOPEZ RAYON),ENTRE IGNACIO ALLENDE Y CJON RAYON,CENTRO (AREA 2),#N/A,CENTRO,CUAUHTEMOC,CENTRO,19.443727,-99.137359,METRO SEGURO,CON BOTON,SIN ALTAVOZ,TOTEM,2,1,0,0,FIJA,TOTEMS,,,#N/A
MT15009,0,EJE 1 NORTE ,ENTRE IGNACIO ALLENDE Y CJÓN RAYÓN ,MORELOS,#N/A,MORELOS,CUAUHTEMOC,CENTRO,19.44393,-99.13736,METRO SEGURO,CON BOTON,SIN ALTAVOZ,TOTEM,2,1,0,0,FIJA,TOTEMS,,,#N/A
MT15010,0,EJE 1 NORTE,ENTRE GUERRERO Y HEROES,GUERRERO,#N/A,BUENAVISTA,CUAUHTEMOC,CENTRO,19.445293,-99.14644,METRO SEGURO,CON BOTON,SIN ALTAVOZ,TOTEM,2,1,0,0,FIJA,TOTEMS,,,#N/A
MT15011,0,EJE 1 NORTE,GUERRERO,GUERRERO,#N/A,BUENAVISTA,CUAUHTEMOC,CENTRO,19.445174,-99.146977,METRO SEGURO,CON BOTON,SIN ALTAVOZ,TOTEM,2,1,0,0,FIJA,TOTEMS,,,#N/A
MT15012,0,EJE 1 NORTE,AV INSURGENTES NORTE,BUENAVISTA,#N/A,BUENAVISTA,CUAUHTEMOC,CENTRO,19.446428,-99.152565,METRO SEGURO,CON BOTON,SIN ALTAVOZ,TOTEM,2,1,0,0,FIJA,TOTEMS,,,#N/A
MT15013,0,EJE 1 NORTE,AV INSURGENTES NORTE,BUENAVISTA,#N/A,BUENAVISTA,CUAUHTEMOC,CENTRO,19.446347,-99.152214,METRO SEGURO,CON BOTON,SIN ALTAVOZ,TOTEM,2,1,0,0,FIJA,TOTEMS,,,#N/A
MT15014,0,EJE 1 NORTE,JESUS GARCIA,BUENAVISTA,#N/A,BUENAVISTA,CUAUHTEMOC,CENTRO,19.445875,-99.152245,METRO SEGURO,CON BOTON,SIN ALTAVOZ,TOTEM,2,1,0,0,FIJA,TOTEMS,,,#N/A
MT15015,0,EJE 1 NORTE,AV INSURGENTES NORTE,BUENAVISTA,#N/A,BUENAVISTA,CUAUHTEMOC,CENTRO,19.445955,-99.15265,METRO SEGURO,CON BOTON,SIN ALTAVOZ,TOTEM,2,1,0,0,FIJA,TOTEMS,,,#N/A
