ID_BCT_O,ID_ANPR,CALLE,ESQUINA / ENTRE CALLES,COLONIA,TRAMO,SECTOR_UPC,ALCALDÍA,C2,LATITUD,LONGITUD,CLASIFICACION,BOTON,ALTAVOZ,TIPO_POSTE,NUMCAMS,NUMBOT,NUMALT,CANT_ALTAVOZ,TIPO CAMARA,PROYECTO,FECHA_INSTALACIÓN,FASE2019,FASE_ORIGEN,ALCALDIA,SECTOR
3446,0,AV AZTECAS,AV ANTONIO DELFIN MADRIGAL,AJUSCO,#N/A,XOTEPINGO,COYOACAN,SUR,19.312339,-99.170421,INCIDENCIA DELICTIVA,CON BOTON,CON ALTAVOZ,9m,5,1,1,2,PTZ FIJA,CIUDAD SEGURA,,3.6K,8K,COYOACAN,UNIVERSIDAD
7769,0,AV DEL IMAN,RET DE LA ALBORADA,PEDREGAL DEL MAUREL,#N/A,XOTEPINGO,COYOACAN,SUR,19.31007,-99.17464,EDUCACION,CON BOTON,CON ALTAVOZ,9m,5,1,1,2,PTZ,CIUDAD SEGURA,,6.5K,8K,COYOACAN,UNIVERSIDAD
7770,0,AV DEL IMAN,RET CREPUSCULO,PEDREGAL DEL MAUREL,#N/A,XOTEPINGO,COYOACAN,SUR,19.309315,-99.176435,EDUCACION,CON BOTON,CON ALTAVOZ,9m,1,1,1,2,PTZ,CIUDAD SEGURA,,1.5K,8K,COYOACAN,UNIVERSIDAD
3441,0,AZTECAS,MONSERRAT,PUEBLO DE LOS REYES,#N/A,XOTEPINGO,COYOACAN,SUR,19.33192,-99.153009,INCIDENCIA DELICTIVA,CON BOTON,CON ALTAVOZ,9m,5,1,1,2,PTZ FIJA,CIUDAD SEGURA,,3.6K,8K,COYOACAN,COYOACAN
3271,0,"ENTRADA ""B"" AL ESTADIO AZTECA",CALZ DE TLALPAN,PUEBLO SANTA URSULA COAPA,#N/A,XOTEPINGO,COYOACAN,SUR,19.301721,-99.147708,INCIDENCIA DELICTIVA,CON BOTON,CON ALTAVOZ,9m,6,1,1,2,PTZ FIJA - 4K,CIUDAD SEGURA,,3.6K,8K,COYOACAN,XOTEPINGO
3316,0,REY TEPALCATZIN,MIXTECAS,AJUSCO,#N/A,XOTEPINGO,COYOACAN,SUR,19.319547,-99.160721,EDUCACION,CON BOTON,CON ALTAVOZ,9m,5,1,1,2,PTZ FIJA,CIUDAD SEGURA,,3.6K,8K,COYOACAN,XOTEPINGO
3319,0,SAN HERMILO,POPOCATEPETL (ENTRE SAN VALENTIN Y SAN FAUSTINO),PEDREGAL DE SANTA URSULA,#N/A,XOTEPINGO,COYOACAN,SUR,19.313091,-99.161072,EDUCACION,CON BOTON,CON ALTAVOZ,9m,5,1,1,2,PTZ FIJA,CIUDAD SEGURA,,3.6K,8K,COYOACAN,XOTEPINGO
3326,0,AND DE ZONA DE ESCUELA PANAMERICANA,AV LIBERTAD Y CDA COLONIAL,PEDREGAL DE CARRASCO,#N/A,XOTEPINGO,COYOACAN,SUR,19.3056,-99.168468,EDUCACION,CON BOTON,CON ALTAVOZ,9m,1,1,1,2,PTZ,CIUDAD SEGURA,,1.5K,8K,COYOACAN,XOTEPINGO
3327,0,AV PANAMERICANA,CIRCUITO PANAMERICANA,PEDREGAL DE CARRASCO,#N/A,XOTEPINGO,COYOACAN,SUR,19.308913,-99.171312,EQUIP. E INST. ESTRATEGICAS,CON BOTON,CON ALTAVOZ,9m,5,1,1,2,PTZ FIJA,CIUDAD SEGURA,,3.6K,8K,COYOACAN,XOTEPINGO
3339,0,MUSEO,MOCTEZUMA,SAN PABLO TEPETLAPA,#N/A,XOTEPINGO,COYOACAN,SUR,19.322466,-99.143833,INCIDENCIA DELICTIVA,CON BOTON,CON ALTAVOZ,9m,5,1,1,2,PTZ FIJA,CIUDAD SEGURA,,3.6K,8K,COYOACAN,XOTEPINGO
3396,0,SANTA URSULA,SAN RICARDO,PEDREGAL DE STA URSULA,#N/A,XOTEPINGO,COYOACAN,SUR,19.310254,-99.157216,EQUIP. E INST. ESTRATEGICAS,SIN BOTON,CON ALTAVOZ,9m,1,0,1,2,PTZ,CIUDAD SEGURA,,1.5K,8K,COYOACAN,XOTEPINGO
3399,0,SAN CASTULO,AV SANTA URSULA,PEDREGAL DE STA URSULA,#N/A,XOTEPINGO,COYOACAN,SUR,19.308478,-99.151712,INCIDENCIA DELICTIVA,CON BOTON,CON ALTAVOZ,9m,5,1,1,2,PTZ FIJA,CIUDAD SEGURA,,3.6K,8K,COYOACAN,XOTEPINGO
3425,0,AV AZTECAS,MOCTEZUMA,AJUSCO,#N/A,XOTEPINGO,COYOACAN,SUR,19.317522,-99.164952,INCIDENCIA DELICTIVA,CON BOTON,CON ALTAVOZ,9m,1,1,1,2,PTZ,CIUDAD SEGURA,,1.5K,8K,COYOACAN,XOTEPINGO
3438,0,BUENAVISTA,LAS FLORES,EX - EJIDO STA URSULA COAPA,#N/A,XOTEPINGO,COYOACAN,SUR,19.306809,-99.148379,INCIDENCIA DELICTIVA,CON BOTON,CON ALTAVOZ,9m,1,1,1,2,PTZ,CIUDAD SEGURA,,1.5K,8K,COYOACAN,XOTEPINGO
3439,0,CALZ DE TLALPAN,TEXTITLAN,PUEBLO SANTA URSULA COAPA,#N/A,XOTEPINGO,COYOACAN,SUR,19.312717,-99.140588,INCIDENCIA DELICTIVA,SIN BOTON,CON ALTAVOZ,9m,1,0,1,2,PTZ,CIUDAD SEGURA,,1.5K,8K,COYOACAN,XOTEPINGO
3440,0,AV DIVISION DEL NORTE,MIGUEL HIDALGO,PUEBLO SAN PEDRO TEPETLAPA,#N/A,XOTEPINGO,COYOACAN,SUR,19.322704,-99.139197,INCIDENCIA DELICTIVA,CON BOTON,CON ALTAVOZ,9m,5,1,1,2,PTZ FIJA,CIUDAD SEGURA,,3.6K,8K,COYOACAN,XOTEPINGO
3442,0,SAN FELIPE,SAN ISIDRO,SAN PABLO TEPETLAPA,#N/A,XOTEPINGO,COYOACAN,SUR,19.314846,-99.145559,INCIDENCIA DELICTIVA,CON BOTON,CON ALTAVOZ,9m,1,1,1,2,PTZ,CIUDAD SEGURA,,6.5K,8K,COYOACAN,XOTEPINGO
3443,0,SAN GONZALO,SAN TOMAS,PEDREGAL DE STA URSULA,#N/A,XOTEPINGO,COYOACAN,SUR,19.312381,-99.153001,INCIDENCIA DELICTIVA,CON BOTON,CON ALTAVOZ,9m,5,1,1,2,PTZ FIJA,CIUDAD SEGURA,,3.6K,8K,COYOACAN,XOTEPINGO
3444,0,SAN RICARDO,SAN RAUL,PEDREGAL DE SANTA URSULA,#N/A,XOTEPINGO,COYOACAN,SUR,19.314737,-99.155332,INCIDENCIA DELICTIVA,SIN BOTON,CON ALTAVOZ,9m,5,0,1,2,PTZ,CIUDAD SEGURA,,6.5K,8K,COYOACAN,XOTEPINGO
3445,0,SANTO TOMAS,SANTA URSULA,PEDREGAL DE SANTA URSULA,#N/A,XOTEPINGO,COYOACAN,SUR,19.30919,-99.153969,INCIDENCIA DELICTIVA,CON BOTON,CON ALTAVOZ,9m,5,1,1,2,PTZ FIJA,CIUDAD SEGURA,,3.6K,8K,COYOACAN,XOTEPINGO
3449,0,SANTA URSULA,SAN GUILLERMO,PEDREGAL DE SANTA URSULA,#N/A,XOTEPINGO,COYOACAN,SUR,19.311768,-99.162148,INCIDENCIA DELICTIVA,SIN BOTON,CON ALTAVOZ,9m,1,0,1,2,PTZ,CIUDAD SEGURA,,1.5K,8K,COYOACAN,XOTEPINGO
3450,0,REY MECONETZIN,MIXTECAS,AJUSCO,#N/A,XOTEPINGO,COYOACAN,SUR,19.32088,-99.159434,INCIDENCIA DELICTIVA,CON BOTON,CON ALTAVOZ,9m,1,1,1,2,PTZ,CIUDAD SEGURA,,1.5K,8K,COYOACAN,XOTEPINGO
3451,0,REY TOPILTZIN,NAHUATLACAS,AJUSCO,#N/A,XOTEPINGO,COYOACAN,SUR,19.32128,-99.156598,INCIDENCIA DELICTIVA,CON BOTON,CON ALTAVOZ,9m,1,1,1,2,PTZ,CIUDAD SEGURA,,6.5K,8K,COYOACAN,XOTEPINGO
3453,0,CORAS,NEZAHUALCOYOTL,AJUSCO,#N/A,XOTEPINGO,COYOACAN,SUR,19.32385,-99.153278,INCIDENCIA DELICTIVA,CON BOTON,CON ALTAVOZ,9m,5,1,1,2,PTZ FIJA,CIUDAD SEGURA,,3.6K,8K,COYOACAN,XOTEPINGO
3455,0,REY NEZAHUALCOYOTL,AV AZTECAS,AJUSCO,#N/A,XOTEPINGO,COYOACAN,SUR,19.326901,-99.157136,INCIDENCIA DELICTIVA,CON BOTON,CON ALTAVOZ,9m,5,1,1,2,PTZ FIJA,CIUDAD SEGURA,,3.6K,8K,COYOACAN,XOTEPINGO
3457,0,CLAVEL (LAS FLORES),LOS COLORINES,PUEBLO LA CANDELARIA,#N/A,XOTEPINGO,COYOACAN,SUR,19.329169,-99.146485,INCIDENCIA DELICTIVA,CON BOTON,CON ALTAVOZ,9m,1,1,1,2,PTZ,CIUDAD SEGURA,,1.5K,8K,COYOACAN,XOTEPINGO
3459,0,TECACALO,OMECIHUATL,ADOLFO RUIZ CORTINES,#N/A,XOTEPINGO,COYOACAN,SUR,19.323792,-99.145748,INCIDENCIA DELICTIVA,CON BOTON,CON ALTAVOZ,9m,5,1,1,2,PTZ,CIUDAD SEGURA,,1.5K,8K,COYOACAN,XOTEPINGO
3460,0,IZTACCIHUATL,TEPETLAPA,ADOLFO RUIZ CORTINES,#N/A,XOTEPINGO,COYOACAN,SUR,19.319984,-99.150533,INCIDENCIA DELICTIVA,CON BOTON,CON ALTAVOZ,9m,1,1,1,2,PTZ,CIUDAD SEGURA,,1.5K,8K,COYOACAN,XOTEPINGO
3461,0,TEPETLAPA,POPOCATEPETL,PEDREGAL DE SANTA URSULA,#N/A,XOTEPINGO,COYOACAN,SUR,19.317579,-99.151435,INCIDENCIA DELICTIVA,CON BOTON,CON ALTAVOZ,9m,1,1,1,2,PTZ,CIUDAD SEGURA,,6.5K,8K,COYOACAN,XOTEPINGO
3462,0,TEPETLAPA,REY NEZAHUALCOYOTL,AJUSCO HUAYAMILPAS,#N/A,XOTEPINGO,COYOACAN,SUR,19.321648,-99.149382,INCIDENCIA DELICTIVA,CON BOTON,CON ALTAVOZ,9m,5,1,1,2,PTZ FIJA,CIUDAD SEGURA,,3.6K,8K,COYOACAN,XOTEPINGO
3463,0,MIXQUIC,REY NEZAHUALCOYOTL,AJUSCO,#N/A,XOTEPINGO,COYOACAN,SUR,19.328851,-99.159575,INCIDENCIA DELICTIVA,CON BOTON,CON ALTAVOZ,9m,5,1,1,2,PTZ FIJA,CIUDAD SEGURA,,3.6K,8K,COYOACAN,XOTEPINGO
3466,0,MEXICO 1968,RINCONADA COLONIAL,UH PEDREGAL DE CARRASCO 7a SECCION,#N/A,XOTEPINGO,COYOACAN,SUR,19.304253,-99.168574,EQUIP. E INST. ESTRATEGICAS,CON BOTON,CON ALTAVOZ,9m,1,1,1,2,PTZ,CIUDAD SEGURA,,1.5K,8K,COYOACAN,XOTEPINGO
3467,0,AV ESTADIO AZTECA,CALZ DE TLALPAN,PUEBLO SANTA URSULA COAPA,#N/A,XOTEPINGO,COYOACAN,SUR,19.302906,-99.147167,INCIDENCIA DELICTIVA,CON BOTON,CON ALTAVOZ,9m,1,1,1,2,PTZ,CIUDAD SEGURA,,6.5K,8K,COYOACAN,XOTEPINGO
3469,0,AV AZTECAS,AV REY MOCTEZUMA,AJUSCO,#N/A,XOTEPINGO,COYOACAN,SUR,19.328168,-99.155529,INCIDENCIA DELICTIVA,CON BOTON,CON ALTAVOZ,9m,1,1,1,2,PTZ,CIUDAD SEGURA,,6.5K,8K,COYOACAN,XOTEPINGO
3470,0,AV AZTECAS,REY IXTLIXOCHITL,AJUSCO,#N/A,XOTEPINGO,COYOACAN,SUR,19.32521,-99.158191,INCIDENCIA DELICTIVA,SIN BOTON,CON ALTAVOZ,9m,1,0,1,2,PTZ,CIUDAD SEGURA,,6.5K,8K,COYOACAN,XOTEPINGO
3471,0,AV AZTECAS,REY MECONETZIN,AJUSCO,#N/A,XOTEPINGO,COYOACAN,SUR,19.322198,-99.160825,INCIDENCIA DELICTIVA,CON BOTON,CON ALTAVOZ,9m,5,1,1,2,PTZ FIJA,CIUDAD SEGURA,,3.6K,8K,COYOACAN,XOTEPINGO
3472,0,AV AZTECAS,REY HUEMAN,AJUSCO,#N/A,XOTEPINGO,COYOACAN,SUR,19.318969,-99.163735,INCIDENCIA DELICTIVA,CON BOTON,CON ALTAVOZ,9m,1,1,1,2,PTZ,CIUDAD SEGURA,,6.5K,8K,COYOACAN,XOTEPINGO
3473,0,AZTECAS,NEZAHUALPILLI,AJUSCO,#N/A,XOTEPINGO,COYOACAN,SUR,19.3159,-99.166357,INCIDENCIA DELICTIVA,CON BOTON,CON ALTAVOZ,9m,5,1,1,2,PTZ,CIUDAD SEGURA,,6.5K,8K,COYOACAN,XOTEPINGO
3474,0,AV DEL IMAN,BLVD GRAN SUR,CARACOL,#N/A,XOTEPINGO,COYOACAN,SUR,19.307989,-99.163772,INCIDENCIA DELICTIVA,CON BOTON,CON ALTAVOZ,9m,5,1,1,2,PTZ,CIUDAD SEGURA,,6.5K,8K,COYOACAN,XOTEPINGO
3475,0,AV DEL IMAN,AV ESTADIO AZTECA,EL CARACOL,#N/A,XOTEPINGO,COYOACAN,SUR,19.303609,-99.159494,INCIDENCIA DELICTIVA,CON BOTON,CON ALTAVOZ,9m,5,1,1,2,PTZ,CIUDAD SEGURA,,6.5K,8K,COYOACAN,XOTEPINGO
3476,0,CIRCUITO ESTADIO AZTECA,CDA SAN BENITO,EX-EJIDO STA URSULA COAPA,#N/A,XOTEPINGO,COYOACAN,SUR,19.305078,-99.154079,INCIDENCIA DELICTIVA,CON BOTON,CON ALTAVOZ,9m,5,1,1,2,PTZ FIJA,CIUDAD SEGURA,,3.6K,8K,COYOACAN,XOTEPINGO
3479,0,AV ESTADIO AZTECA,BLVD ADOLFO RUIZ CORTINES Y AV DEL IMAN,MEDIA LUNA,#N/A,XOTEPINGO,COYOACAN,SUR,19.301918,-99.161139,INCIDENCIA DELICTIVA,CON BOTON,CON ALTAVOZ,9m,5,1,1,2,PTZ,CIUDAD SEGURA,,6.5K,8K,COYOACAN,XOTEPINGO
3480,0,ANILLO PERIFERICO BLVD ADOLFO RUIZ CORTINES,BLVD GRAN SUR,CARACOL,#N/A,XOTEPINGO,COYOACAN,SUR,19.301968,-99.165575,INCIDENCIA DELICTIVA,CON BOTON,CON ALTAVOZ,9m,5,1,1,2,PTZ,CIUDAD SEGURA,,6.5K,8K,COYOACAN,XOTEPINGO
3483,0,CALZ DE TLALPAN,CALIZ Y COROLA,EL RELOJ,#N/A,XOTEPINGO,COYOACAN,SUR,19.317381,-99.139059,CONTROL DE TRANSITO,N/A,N/A,20m,1,0,0,0,PTZ,CIUDAD SEGURA,,6.5K,8K,COYOACAN,XOTEPINGO
4034,0,AV DEL IMAN,AV ESTADIO AZTECA Y CALZ DE TLALPAN,CANTIL DEL PEDREGAL,#N/A,XOTEPINGO,COYOACAN,SUR,19.301265,-99.153409,INCIDENCIA DELICTIVA,CON BOTON,CON ALTAVOZ,9m,5,1,1,2,PTZ FIJA,CIUDAD SEGURA,,3.6K,8K,COYOACAN,XOTEPINGO
5928,0,BASOPAS,SABAIBOS,CARACOL,#N/A,XOTEPINGO,COYOACAN,SUR,19.303823,-99.16373,EQUIP. E INST. ESTRATEGICAS,CON BOTON,CON ALTAVOZ,9m,1,1,1,2,PTZ,CIUDAD SEGURA,,6.5K,8K,COYOACAN,XOTEPINGO
5929,0,AV ESTADIO AZTECA,LUIS MURILLO,BOSQUE DE TETLALMEYA,#N/A,XOTEPINGO,COYOACAN,SUR,19.3014,-99.155287,EQUIP. E INST. ESTRATEGICAS,CON BOTON,CON ALTAVOZ,9m,5,1,1,2,PTZ FIJA,CIUDAD SEGURA,,3.6K,8K,COYOACAN,XOTEPINGO
6227,0,SAN JORGE,SAN EMETERIO,PEDREGAL DE SANTA URSULA,#N/A,XOTEPINGO,COYOACAN,SUR,19.308072,-99.155671,EDUCACION,CON BOTON,CON ALTAVOZ,9m,5,1,1,2,PTZ,CIUDAD SEGURA,,6.5K,8K,COYOACAN,XOTEPINGO
6229,0,SAN RAUL,SAN CASTULO,PEDREGAL DE SANTA URSULA,#N/A,XOTEPINGO,COYOACAN,SUR,19.313095,-99.150206,EDUCACION,CON BOTON,CON ALTAVOZ,9m,5,1,1,2,PTZ,CIUDAD SEGURA,,6.5K,8K,COYOACAN,XOTEPINGO
6497,0,AND DE ZONA DE ESCUELA PANAMERICANA,AV LIBERTAD Y ROTONDA COLONIAL,PEDREGAL DE CARRASCO,#N/A,XOTEPINGO,COYOACAN,SUR,19.305548,-99.168049,EDUCACION,CON BOTON,CON ALTAVOZ,9m,1,1,1,2,PTZ,CIUDAD SEGURA,,6.5K,8K,COYOACAN,XOTEPINGO
6498,0,CHICHIMECAS,REY TEPALCATZIN Y IZTACCIHUATL,AJUSCO,#N/A,XOTEPINGO,COYOACAN,SUR,19.319241,-99.159785,EDUCACION,CON BOTON,CON ALTAVOZ,9m,5,1,1,2,PTZ,CIUDAD SEGURA,,6.5K,8K,COYOACAN,XOTEPINGO
6499,0,QUAUHNICOL,CALMECAC,ADOLFO RUIZ CORTINEZ,#N/A,XOTEPINGO,COYOACAN,SUR,19.320834,-99.146126,EDUCACION,CON BOTON,CON ALTAVOZ,9m,5,1,1,2,PTZ,CIUDAD SEGURA,,6.5K,8K,COYOACAN,XOTEPINGO
6512,0,ZAPOTECAS,REY TOPILTZIN,AJUSCO,#N/A,XOTEPINGO,COYOACAN,SUR,19.324356,-99.160578,EDUCACION,CON BOTON,CON ALTAVOZ,9m,5,1,1,2,PTZ,CIUDAD SEGURA,,6.5K,8K,COYOACAN,XOTEPINGO
6514,0,2DA CDA DE HUAYAMILPA,HUAYAMILPA,AMPL CANDELARIA,#N/A,XOTEPINGO,COYOACAN,SUR,19.327956,-99.149658,EDUCACION,CON BOTON,CON ALTAVOZ,9m,5,1,1,2,PTZ,CIUDAD SEGURA,,6.5K,8K,COYOACAN,XOTEPINGO
6518,0,COROLA,4TA CDA COROLA (ENTRE TALLO Y POLEN),EL RELOJ,#N/A,XOTEPINGO,COYOACAN,SUR,19.31719,-99.141849,EDUCACION,CON BOTON,CON ALTAVOZ,9m,5,1,1,2,PTZ,CIUDAD SEGURA,,6.5K,8K,COYOACAN,XOTEPINGO
6519,0,TABARE,IZQUITECATL,ADOLFO RUIZ CORTINEZ,#N/A,XOTEPINGO,COYOACAN,SUR,19.317619,-99.157168,EDUCACION,CON BOTON,CON ALTAVOZ,9m,5,1,1,2,PTZ,CIUDAD SEGURA,,6.5K,8K,COYOACAN,XOTEPINGO
6524,0,SAN LEON,SAN GONZALO,PEDREGAL DE SANTA URSULA,#N/A,XOTEPINGO,COYOACAN,SUR,19.311105,-99.148949,EDUCACION,CON BOTON,CON ALTAVOZ,9m,1,1,1,2,PTZ,CIUDAD SEGURA,,1.5K,8K,COYOACAN,XOTEPINGO
6528,0,CORAS,REY MOCTECUZOMA,AJUSCO,#N/A,XOTEPINGO,COYOACAN,SUR,19.314654,-99.161447,EDUCACION,CON BOTON,CON ALTAVOZ,9m,5,1,1,2,PTZ,CIUDAD SEGURA,,6.5K,8K,COYOACAN,XOTEPINGO
6533,0,SANTO TOMAS,SAN JORGE,PEDREGAL DE SANTA URSULA,#N/A,XOTEPINGO,COYOACAN,SUR,19.307501,-99.154553,EDUCACION,CON BOTON,CON ALTAVOZ,9m,1,1,1,2,PTZ,CIUDAD SEGURA,,1.5K,8K,COYOACAN,XOTEPINGO
6544,0,AV AZTECAS,REYNA IXTLIXOCHITL Y TOPILTZIN,AJUSCO,#N/A,XOTEPINGO,COYOACAN,SUR,19.324778,-99.158984,EDUCACION,CON BOTON,CON ALTAVOZ,9m,5,1,1,2,PTZ,CIUDAD SEGURA,,6.5K,8K,COYOACAN,XOTEPINGO
6551,0,AV PANAMERICANA,RINCONADA DE LOS RIOS,U H VILLA PANAMERICANA,#N/A,XOTEPINGO,COYOACAN,SUR,19.310078,-99.169704,EDUCACION,CON BOTON,CON ALTAVOZ,9m,1,1,1,2,PTZ,CIUDAD SEGURA,,1.5K,8K,COYOACAN,XOTEPINGO
6553,0,CALPULLI,MITL,ADOLFO RUIZ CORTINEZ,#N/A,XOTEPINGO,COYOACAN,SUR,19.317653,-99.158418,EDUCACION,CON BOTON,CON ALTAVOZ,9m,1,1,1,2,PTZ,CIUDAD SEGURA,,1.5K,8K,COYOACAN,XOTEPINGO
6558,0,SAN ALEJANDRO,SAN EMETERIO,PEDEGRAL DE SANTA URSULA,#N/A,XOTEPINGO,COYOACAN,SUR,19.306491,-99.156338,EDUCACION,CON BOTON,CON ALTAVOZ,9m,1,1,1,2,PTZ,CIUDAD SEGURA,,6.5K,8K,COYOACAN,XOTEPINGO
6560,0,CHONTALES,NAYARITAS,AJUSCO HUAYAMILPA,#N/A,XOTEPINGO,COYOACAN,SUR,19.322606,-99.152794,EDUCACION,CON BOTON,CON ALTAVOZ,9m,5,1,1,2,PTZ,CIUDAD SEGURA,,6.5K,8K,COYOACAN,XOTEPINGO
6562,0,CALIZ,1ER RET CALIZ,EL RELOJ,#N/A,XOTEPINGO,COYOACAN,SUR,19.318346,-99.14013,EDUCACION,CON BOTON,CON ALTAVOZ,9m,1,1,1,2,PTZ,CIUDAD SEGURA,,1.5K,8K,COYOACAN,XOTEPINGO
6564,0,AV PANAMERICANA,RINCONADA DE LAS TRIBUS,PEDREGAL DE CARRASCO,#N/A,XOTEPINGO,COYOACAN,SUR,19.306009,-99.174409,EDUCACION,CON BOTON,CON ALTAVOZ,9m,5,1,1,2,PTZ,CIUDAD SEGURA,,6.5K,8K,COYOACAN,XOTEPINGO
6568,0,2DA CDA NAHUATLACAS,3RA CDA HUAYAMILPAS,NUEVA DIAZ ORDAZ,#N/A,XOTEPINGO,COYOACAN,SUR,19.326401,-99.14984,EDUCACION,CON BOTON,CON ALTAVOZ,9m,5,1,1,2,PTZ FIJA,CIUDAD SEGURA,,3.6K,8K,COYOACAN,XOTEPINGO
6572,0,TLAPACOYA,ESFUERZO,PUEBLO SANTA URSULA COAPA,#N/A,XOTEPINGO,COYOACAN,SUR,19.312105,-99.143072,EDUCACION,CON BOTON,CON ALTAVOZ,9m,5,1,1,2,PTZ,CIUDAD SEGURA,,6.5K,8K,COYOACAN,XOTEPINGO
6577,0,TEPETLAPA,18 DE JULIO,NUEVA DIAZ ORDAZ,#N/A,XOTEPINGO,COYOACAN,SUR,19.324721,-99.146792,EDUCACION,CON BOTON,CON ALTAVOZ,9m,5,1,1,2,PTZ,CIUDAD SEGURA,,6.5K,8K,COYOACAN,XOTEPINGO
6579,0,MOCTECUZOMA,TOTONACAS,AJUSCO,#N/A,XOTEPINGO,COYOACAN,SUR,19.316766,-99.164124,EDUCACION,CON BOTON,CON ALTAVOZ,9m,5,1,1,2,PTZ,CIUDAD SEGURA,,6.5K,8K,COYOACAN,XOTEPINGO
6580,0,AV PANAMERICANA,CEFIRO Y RINCONADA DE LAS DEIDADES,U H VILLA PANAMERICANA,#N/A,XOTEPINGO,COYOACAN,SUR,19.305977,-99.177664,EDUCACION,CON BOTON,CON ALTAVOZ,9m,5,1,1,2,PTZ,CIUDAD SEGURA,,6.5K,8K,COYOACAN,XOTEPINGO
6582,0,MIXTECAS,REY TOPILTZIN,AJUSCO,#N/A,XOTEPINGO,COYOACAN,SUR,19.322532,-99.158104,EDUCACION,CON BOTON,CON ALTAVOZ,9m,5,1,1,2,PTZ,CIUDAD SEGURA,,6.5K,8K,COYOACAN,XOTEPINGO
6588,0,SAN PASCASIO,SAN HERMILO,PEDREGAL DE SANTA URSULA,#N/A,XOTEPINGO,COYOACAN,SUR,19.31243,-99.158309,EDUCACION,CON BOTON,CON ALTAVOZ,9m,5,1,1,2,PTZ,CIUDAD SEGURA,,6.5K,8K,COYOACAN,XOTEPINGO
6590,0,ZAPOTECAS,REY IXTLILXOCHITL,AJUSCO,#N/A,XOTEPINGO,COYOACAN,SUR,19.325976,-99.159173,EDUCACION,CON BOTON,CON ALTAVOZ,9m,5,1,1,2,PTZ,CIUDAD SEGURA,,6.5K,8K,COYOACAN,XOTEPINGO
6595,0,CJON DE LAS PLAYAS,AV DEL IMAN Y AV PANAMERICANA,RINCON DE LAS PLAYAS INFONAVIT VII,#N/A,XOTEPINGO,COYOACAN,SUR,19.310795,-99.170861,EDUCACION,CON BOTON,CON ALTAVOZ,9m,5,1,1,2,PTZ,CIUDAD SEGURA,,6.5K,8K,COYOACAN,XOTEPINGO
9028,0,NAYARITAS,HUITZILOPOCHTLI,HUAYAMILPA,#N/A,XOTEPINGO,COYOACAN,SUR,19.321663,-99.153019,EDUCACION,CON BOTON,CON ALTAVOZ,9m,5,1,1,2,PTZ FIJA,CIUDAD SEGURA,,3.6K,8K,COYOACAN,XOTEPINGO
9317,0,BLVD ADOLFO RUIZ CORTINES,COSCOMATE Y OCHOTONERA,BOSQUE DE TETLAMEYA,#N/A,XOTEPINGO,COYOACAN,SUR,19.298071,-99.157223,INCIDENCIA DELICTIVA,CON BOTON,CON ALTAVOZ,9m,1,1,1,2,PTZ,CIUDAD SEGURA,,6.5K,8K,COYOACAN,XOTEPINGO
9318,0,SAN CELSO,AV ESTADIO AZTECA,PEDREGAL DE SANTA URSULA,#N/A,XOTEPINGO,COYOACAN,SUR,19.305641,-99.151481,INCIDENCIA DELICTIVA,CON BOTON,CON ALTAVOZ,9m,5,1,1,2,PTZ,CIUDAD SEGURA,,6.5K,8K,COYOACAN,XOTEPINGO
9323,0,AV CEFIRO,AV PANAMERICANA,PEDREGAL DE CARRASCO,#N/A,XOTEPINGO,COYOACAN,SUR,19.305343,-99.180284,INCIDENCIA DELICTIVA,CON BOTON,CON ALTAVOZ,9m,5,1,1,2,PTZ,CIUDAD SEGURA,,6.5K,8K,COYOACAN,XOTEPINGO
13903,0,AV DEL IMAN,AV AZTECAS,U. H. PEDREGAL DE CARRASCO 6A SECC,#N/A,XOTEPINGO,COYOACAN,SUR,19.312145,-99.17061,CONTROL DE TRANSITO,N/A,N/A,20m,1,0,0,0,PTZ,CIUDAD SEGURA,,7K,7K,COYOACAN,XOTEPINGO
13932,0,CALZ DE TLALPAN,ENTRE LUIS MURILLO Y AV ESTADIO AZTECA,PUEBLO SANTA URSULA COAPA,#N/A,XOTEPINGO,COYOACAN,SUR,19.302306,-99.147004,CONTROL DE TRANSITO,N/A,N/A,20m,1,0,0,0,PTZ,CIUDAD SEGURA,,7K,7K,COYOACAN,XOTEPINGO
13935,0,CIRCUITO ESTADIO AZTECA,LUIS MURILLO,CANTIL DEL PEDREGAL,#N/A,XOTEPINGO,COYOACAN,SUR,19.301413,-99.155332,CONTROL DE TRANSITO,N/A,N/A,20m,1,0,0,0,PTZ,CIUDAD SEGURA,,7K,7K,COYOACAN,XOTEPINGO
14298,0,TEOLOLE,PEHUAME,ADOLFO RUIZ CORTINEZ,#N/A,XOTEPINGO,COYOACAN,SUR,19.321618,-99.147183,EQUIP. E INST. ESTRATEGICAS,CON BOTON,CON ALTAVOZ,9m,1,1,1,2,PTZ,CIUDAD SEGURA,,7K,7K,COYOACAN,XOTEPINGO
14299,0,POPOCATEPETL,ENTRE ATZAYACATL Y SAN GABRIEL,PEDREGAL DE SANTA URSULA,#N/A,XOTEPINGO,COYOACAN,SUR,19.317821,-99.149274,EQUIP. E INST. ESTRATEGICAS,CON BOTON,CON ALTAVOZ,9m,1,1,1,2,PTZ,CIUDAD SEGURA,,7K,7K,COYOACAN,XOTEPINGO
14300,0,AV DE LA LIBERTAD,AV DEL IMAN,U.H. VILLA PANAMERICANA 5A SECC,#N/A,XOTEPINGO,COYOACAN,SUR,19.309158,-99.165943,EQUIP. E INST. ESTRATEGICAS,CON BOTON,CON ALTAVOZ,9m,1,1,1,2,PTZ,CIUDAD SEGURA,,7K,7K,COYOACAN,XOTEPINGO
14301,0,CHICHIMECAS,ENTRE TEPALCATZIN Y REY MECONETZIN,AJUSCO,#N/A,XOTEPINGO,COYOACAN,SUR,19.319548,-99.159071,EQUIP. E INST. ESTRATEGICAS,CON BOTON,CON ALTAVOZ,9m,5,1,1,2,PTZ,CIUDAD SEGURA,,7K,7K,COYOACAN,XOTEPINGO
14310,0,ARBOL DEL FUEGO,LOS COLORINES,PUEBLO LA CANDELARIA,#N/A,XOTEPINGO,COYOACAN,SUR,19.328796,-99.145066,EQUIP. E INST. ESTRATEGICAS,CON BOTON,CON ALTAVOZ,9m,1,1,1,2,PTZ,CIUDAD SEGURA,,7K,7K,COYOACAN,XOTEPINGO
14311,0,AV AZTECAS,ENTRE MONSERRAT Y SANTA TECLA,PUEBLO LA CANDELARIA,#N/A,XOTEPINGO,COYOACAN,SUR,19.330054,-99.153759,EQUIP. E INST. ESTRATEGICAS,CON BOTON,CON ALTAVOZ,9m,5,1,1,2,PTZ,CIUDAD SEGURA,,7K,7K,COYOACAN,XOTEPINGO
14314,0,SANTA CRUZ,EMILIANO ZAPATA,PUEBLO LA CANDELARIA,#N/A,XOTEPINGO,COYOACAN,SUR,19.331568,-99.147839,EQUIP. E INST. ESTRATEGICAS,CON BOTON,CON ALTAVOZ,9m,1,1,1,2,PTZ,CIUDAD SEGURA,,7K,7K,COYOACAN,XOTEPINGO
14315,0,AV DIVISION DEL NORTE,BENITO JUAREZ,PUEBLO SAN PABLO TEPETLAPA,#N/A,XOTEPINGO,COYOACAN,SUR,19.321598,-99.138806,EQUIP. E INST. ESTRATEGICAS,CON BOTON,CON ALTAVOZ,9m,5,1,1,2,PTZ,CIUDAD SEGURA,,7K,7K,COYOACAN,XOTEPINGO
14320,0,MOCTEZUMA,EMILIANO ZAPATA,PUEBLO SAN PABLO TEPETLAPA,#N/A,XOTEPINGO,COYOACAN,SUR,19.321694,-99.142271,EQUIP. E INST. ESTRATEGICAS,CON BOTON,CON ALTAVOZ,9m,5,1,1,2,PTZ,CIUDAD SEGURA,,7K,7K,COYOACAN,XOTEPINGO
14331,0,AZTECAS,REY TOPILTZIN,AJUSCO,#N/A,XOTEPINGO,COYOACAN,SUR,19.323777,-99.159608,INCIDENCIA DELICTIVA,CON BOTON,CON ALTAVOZ,9m,5,1,1,2,PTZ,CIUDAD SEGURA,,7K,7K,COYOACAN,XOTEPINGO
14332,0,AV AZTECAS,REY TEPALCATZIN,AJUSCO,#N/A,XOTEPINGO,COYOACAN,SUR,19.320638,-99.162461,INCIDENCIA DELICTIVA,SIN BOTON,CON ALTAVOZ,9m,1,0,1,2,PTZ,CIUDAD SEGURA,,7K,7K,COYOACAN,XOTEPINGO
14346,0,AV DEL IMAN,LUIS MURILLO,BOSQUES DE TETLAMEYA,#N/A,XOTEPINGO,COYOACAN,SUR,19.299329,-99.150828,INCIDENCIA DELICTIVA,SIN BOTON,CON ALTAVOZ,9m,1,0,1,2,PTZ,CIUDAD SEGURA,,7K,7K,COYOACAN,XOTEPINGO
14391,0,CALIZ,TALLO,EL RELOJ,#N/A,XOTEPINGO,COYOACAN,SUR,19.318965,-99.142583,INCIDENCIA DELICTIVA,SIN BOTON,CON ALTAVOZ,9m,1,0,1,2,PTZ,CIUDAD SEGURA,,7K,7K,COYOACAN,XOTEPINGO
14392,0,CALZ DE TLALPAN,COROLA,EL RELOJ,#N/A,XOTEPINGO,COYOACAN,SUR,19.316464,-99.139363,INCIDENCIA DELICTIVA,CON BOTON,CON ALTAVOZ,9m,5,1,1,2,PTZ,CIUDAD SEGURA,,7K,7K,COYOACAN,XOTEPINGO
14408,0,PACIFICO,EMILIANO ZAPATA,LA CANDELARIA,#N/A,XOTEPINGO,COYOACAN,SUR,19.334415,-99.147118,INCIDENCIA DELICTIVA,SIN BOTON,CON ALTAVOZ,9m,1,0,1,2,PTZ,CIUDAD SEGURA,,7K,7K,COYOACAN,XOTEPINGO
14416,0,BLVD ADOLFO RUIZ CORTINES (ANILLO PERIFERICO),MEXICO 1968,OLIMPICA U. H.,#N/A,XOTEPINGO,COYOACAN,SUR,19.302261,-99.167488,INCIDENCIA DELICTIVA,CON BOTON,CON ALTAVOZ,9m,1,1,1,2,PTZ,CIUDAD SEGURA,,7K,7K,COYOACAN,XOTEPINGO
14423,0,SANTA URSULA,SAN GABINO,PEDREGAL DE SANTA URSULA,#N/A,XOTEPINGO,COYOACAN,SUR,19.311277,-99.160615,INCIDENCIA DELICTIVA,SIN BOTON,CON ALTAVOZ,9m,1,0,1,2,PTZ,CIUDAD SEGURA,,7K,7K,COYOACAN,XOTEPINGO
14424,0,AV SANTA URSULA,SAN FEDERICO,PEDREGAL DE SANTA URSULA,#N/A,XOTEPINGO,COYOACAN,SUR,19.309817,-99.155844,INCIDENCIA DELICTIVA,SIN BOTON,CON ALTAVOZ,9m,1,0,1,2,PTZ,CIUDAD SEGURA,,7K,7K,COYOACAN,XOTEPINGO
14425,0,POPOCATEPETL,SAN FELIPE,ADOLFO RUIZ CORTINES,#N/A,XOTEPINGO,COYOACAN,SUR,19.317176,-99.153148,INCIDENCIA DELICTIVA,CON BOTON,CON ALTAVOZ,9m,1,1,1,2,PTZ,CIUDAD SEGURA,,7K,7K,COYOACAN,XOTEPINGO
14426,0,SAN ALEJANDRO,SAN PEDRO,PEDREGAL DE SANTA URSULA,#N/A,XOTEPINGO,COYOACAN,SUR,19.307546,-99.159373,INCIDENCIA DELICTIVA,CON BOTON,CON ALTAVOZ,9m,1,1,1,2,PTZ,CIUDAD SEGURA,,7K,7K,COYOACAN,XOTEPINGO
14427,0,SAN FELIPE,SAN CELSO,PEDREGAL DE SANTA URSULA,#N/A,XOTEPINGO,COYOACAN,SUR,19.315644,-99.147977,INCIDENCIA DELICTIVA,SIN BOTON,CON ALTAVOZ,9m,1,0,1,2,PTZ,CIUDAD SEGURA,,7K,7K,COYOACAN,XOTEPINGO
14428,0,REY NEZAHUALCOYOTL,CHICHIMECAS,AJUSCO,#N/A,XOTEPINGO,COYOACAN,SUR,19.324884,-99.154868,INCIDENCIA DELICTIVA,CON BOTON,CON ALTAVOZ,9m,1,1,1,2,PTZ,CIUDAD SEGURA,,7K,7K,COYOACAN,XOTEPINGO
14429,0,SAN GONZALO,SAN ELEUTERIO,PEDREGAL DE SANTA URSULA,#N/A,XOTEPINGO,COYOACAN,SUR,19.314225,-99.159047,INCIDENCIA DELICTIVA,CON BOTON,CON ALTAVOZ,9m,1,1,1,2,PTZ,CIUDAD SEGURA,,7K,7K,COYOACAN,XOTEPINGO
14435,0,REY NEZAHUALCOYOTL,TOLTECAS,AJUSCO,#N/A,XOTEPINGO,COYOACAN,SUR,19.32798,-99.158489,INCIDENCIA DELICTIVA,CON BOTON,CON ALTAVOZ,9m,1,1,1,2,PTZ,CIUDAD SEGURA,,7K,7K,COYOACAN,XOTEPINGO
14464,0,MUSEO,HIDALGO,SAN PABLO TEPETLAPA,#N/A,XOTEPINGO,COYOACAN,SUR,19.324613,-99.143368,INCIDENCIA DELICTIVA,CON BOTON,CON ALTAVOZ,9m,1,1,1,2,PTZ,CIUDAD SEGURA,,7K,7K,COYOACAN,XOTEPINGO
14470,0,AV DEL IMAN,4A CDA DEL IMAN,PEDREGAL DE LA ZORRA,#N/A,XOTEPINGO,COYOACAN,SUR,19.305917,-99.161466,INCIDENCIA DELICTIVA,CON BOTON,CON ALTAVOZ,9m,1,1,1,2,PTZ,CIUDAD SEGURA,,7K,7K,COYOACAN,XOTEPINGO
14489,0,TEPETLAPA,TETEPEUH,ADOLFO RUIZ CORTINEZ,#N/A,XOTEPINGO,COYOACAN,SUR,19.318434,-99.151331,ZONA HABITACIONAL,CON BOTON,CON ALTAVOZ,9m,1,1,1,2,PTZ,CIUDAD SEGURA,,7K,7K,COYOACAN,XOTEPINGO
14490,0,AV DEL IMAN,AV PANAMERICANA,AJUSCO,#N/A,XOTEPINGO,COYOACAN,SUR,19.310981,-99.168848,ZONA HABITACIONAL,SIN BOTON,CON ALTAVOZ,9m,5,0,1,2,PTZ,CIUDAD SEGURA,,7K,7K,COYOACAN,XOTEPINGO
14491,0,REY MOCTECUZOMA,CHICHIMECAS,AJUSCO,#N/A,XOTEPINGO,COYOACAN,SUR,19.315694,-99.162768,ZONA HABITACIONAL,CON BOTON,CON ALTAVOZ,9m,1,1,1,2,PTZ,CIUDAD SEGURA,,7K,7K,COYOACAN,XOTEPINGO
14492,0,REY HUEMAN,MIXTECAS,AJUSCO,#N/A,XOTEPINGO,COYOACAN,SUR,19.317701,-99.162153,ZONA HABITACIONAL,CON BOTON,CON ALTAVOZ,9m,1,1,1,2,PTZ,CIUDAD SEGURA,,7K,7K,COYOACAN,XOTEPINGO
14493,0,NAHUATLACAS,REY HUEMAN,AJUSCO,#N/A,XOTEPINGO,COYOACAN,SUR,19.31679,-99.160791,ZONA HABITACIONAL,CON BOTON,CON ALTAVOZ,9m,1,1,1,2,PTZ,CIUDAD SEGURA,,7K,7K,COYOACAN,XOTEPINGO
14494,0,NEZAHUALPILLI,MIXTECAS,AJUSCO,#N/A,XOTEPINGO,COYOACAN,SUR,19.314663,-99.164806,ZONA HABITACIONAL,CON BOTON,CON ALTAVOZ,9m,1,1,1,2,PTZ,CIUDAD SEGURA,,7K,7K,COYOACAN,XOTEPINGO
14495,0,NEZAHUALPILLI,CORAS,AJUSCO,#N/A,XOTEPINGO,COYOACAN,SUR,19.312928,-99.16275,ZONA HABITACIONAL,CON BOTON,CON ALTAVOZ,9m,1,1,1,2,PTZ,CIUDAD SEGURA,,7K,7K,COYOACAN,XOTEPINGO
14496,0,REY HUEMAN,TOTONACAS,AJUSCO,#N/A,XOTEPINGO,COYOACAN,SUR,19.318442,-99.162868,ZONA HABITACIONAL,CON BOTON,CON ALTAVOZ,9m,1,1,1,2,PTZ,CIUDAD SEGURA,,7K,7K,COYOACAN,XOTEPINGO
14497,0,REY HUEMAN,CORAS,AJUSCO,#N/A,XOTEPINGO,COYOACAN,SUR,19.316106,-99.160171,ZONA HABITACIONAL,CON BOTON,CON ALTAVOZ,9m,1,1,1,2,PTZ,CIUDAD SEGURA,,7K,7K,COYOACAN,XOTEPINGO
14498,0,REY IXTLIXOCHITL,CORAS,AJUSCO,#N/A,XOTEPINGO,COYOACAN,SUR,19.322362,-99.154657,ZONA HABITACIONAL,CON BOTON,CON ALTAVOZ,9m,1,1,1,2,PTZ,CIUDAD SEGURA,,7K,7K,COYOACAN,XOTEPINGO
14499,0,REY IXTLIXOCHITL,MIXTECAS,AJUSCO,#N/A,XOTEPINGO,COYOACAN,SUR,19.323942,-99.156619,ZONA HABITACIONAL,CON BOTON,CON ALTAVOZ,9m,1,1,1,2,PTZ,CIUDAD SEGURA,,7K,7K,COYOACAN,XOTEPINGO
14500,0,REY IXTLIXOCHITL,TOTONACAS,AJUSCO,#N/A,XOTEPINGO,COYOACAN,SUR,19.32461,-99.157467,ZONA HABITACIONAL,SIN BOTON,CON ALTAVOZ,9m,1,0,1,2,PTZ,CIUDAD SEGURA,,7K,7K,COYOACAN,XOTEPINGO
14501,0,TOTONACAS,TEPALCATZIN,AJUSCO,#N/A,XOTEPINGO,COYOACAN,SUR,19.319989,-99.161289,ZONA HABITACIONAL,CON BOTON,CON ALTAVOZ,9m,1,1,1,2,PTZ,CIUDAD SEGURA,,7K,7K,COYOACAN,XOTEPINGO
14503,0,ZAPOTECAS,TEPALCATZIN,AJUSCO,#N/A,XOTEPINGO,COYOACAN,SUR,19.321415,-99.163138,ZONA HABITACIONAL,CON BOTON,CON ALTAVOZ,9m,1,1,1,2,PTZ,CIUDAD SEGURA,,7K,7K,COYOACAN,XOTEPINGO
14505,0,OCELOTL,ENTRE AV DIVISION DEL NORTE E HIDALGO,SAN PABLO TEPETLAPA,#N/A,XOTEPINGO,COYOACAN,SUR,19.32494,-99.140855,ZONA HABITACIONAL,CON BOTON,CON ALTAVOZ,9m,1,1,1,2,PTZ,CIUDAD SEGURA,,7K,7K,COYOACAN,XOTEPINGO
14516,0,COSCOMATE,ENTRE PASEO CANTIL Y PABLO DE LA LLAVE,BOSQUES DE TETLAMEYA,#N/A,XOTEPINGO,COYOACAN,SUR,19.299967,-99.155407,ZONA HABITACIONAL,CON BOTON,CON ALTAVOZ,9m,5,1,1,2,PTZ,CIUDAD SEGURA,,7K,7K,COYOACAN,XOTEPINGO
14542,0,AV FRESNO,5A CDA COROLA,EL RELOJ,#N/A,XOTEPINGO,COYOACAN,SUR,19.315946,-99.14259,ZONA HABITACIONAL,CON BOTON,CON ALTAVOZ,9m,1,1,1,2,PTZ,CIUDAD SEGURA,,7K,7K,COYOACAN,XOTEPINGO
14555,0,AV REY MOCTEZUMA,NAHUATLACAS,AMPL CANDELARIA,#N/A,XOTEPINGO,COYOACAN,SUR,19.325952,-99.152727,ZONA HABITACIONAL,SIN BOTON,CON ALTAVOZ,9m,1,0,1,2,PTZ,CIUDAD SEGURA,,7K,7K,COYOACAN,XOTEPINGO
14556,0,REY MOCTEZUMA,CORAS,HUAYAMILPAS,#N/A,XOTEPINGO,COYOACAN,SUR,19.325247,-99.15187,ZONA HABITACIONAL,CON BOTON,CON ALTAVOZ,9m,1,1,1,2,PTZ,CIUDAD SEGURA,,7K,7K,COYOACAN,XOTEPINGO
14557,0,REY MOCTEZUMA,AV DEL PANTEON,HUAYAMILPAS,#N/A,XOTEPINGO,COYOACAN,SUR,19.326972,-99.153975,ZONA HABITACIONAL,CON BOTON,CON ALTAVOZ,9m,1,1,1,2,PTZ,CIUDAD SEGURA,,7K,7K,COYOACAN,XOTEPINGO
14573,0,CLAVEL,ENTRE PRIV CLAVEL Y 21 DE MARZO,AMPL CANDELARIA,#N/A,XOTEPINGO,COYOACAN,SUR,19.327692,-99.146931,ZONA HABITACIONAL,CON BOTON,CON ALTAVOZ,9m,1,1,1,2,PTZ,CIUDAD SEGURA,,7K,7K,COYOACAN,XOTEPINGO
14574,0,MUSEO,SUCHIL,PUEBLO SAN PABLO TEPETLAPA,#N/A,XOTEPINGO,COYOACAN,SUR,19.325553,-99.142969,ZONA HABITACIONAL,SIN BOTON,CON ALTAVOZ,9m,1,0,1,2,PTZ,CIUDAD SEGURA,,7K,7K,COYOACAN,XOTEPINGO
14583,0,AV DE LA LIBERTAD,RINCONADA DE LOS POETAS,PEDREGAL DE CARRASCO,#N/A,XOTEPINGO,COYOACAN,SUR,19.308379,-99.167275,ZONA HABITACIONAL,CON BOTON,CON ALTAVOZ,9m,1,1,1,2,PTZ,CIUDAD SEGURA,,7K,7K,COYOACAN,XOTEPINGO
14584,0,AV DEL IMAN,RINCONADA DE LAS ISLAS,PEDREGAL DE CARRASCO,#N/A,XOTEPINGO,COYOACAN,SUR,19.310525,-99.172722,ZONA HABITACIONAL,CON BOTON,CON ALTAVOZ,9m,5,1,1,2,PTZ,CIUDAD SEGURA,,7K,7K,COYOACAN,XOTEPINGO
14585,0,AV DEL IMAN,RNDA DE LAS PLAYAS,U.H. PEDREGAL DE CARRASCO 6A SECC,#N/A,XOTEPINGO,COYOACAN,SUR,19.311213,-99.171742,ZONA HABITACIONAL,CON BOTON,CON ALTAVOZ,9m,5,1,1,2,PTZ,CIUDAD SEGURA,,7K,7K,COYOACAN,XOTEPINGO
14586,0,AV MEXICO 1968,ENTRE MELBOURNE 1956 Y PARIS 1900,OLIMPICA,#N/A,XOTEPINGO,COYOACAN,SUR,19.303336,-99.168269,ZONA HABITACIONAL,SIN BOTON,CON ALTAVOZ,9m,1,0,1,2,PTZ,CIUDAD SEGURA,,7K,7K,COYOACAN,XOTEPINGO
14587,0,AV PANAMERICANA,ENTRE RNDA DE LOS RITMOS Y RNDA DE LOS INSTRUMENTOS,UNIDAD VILLA PANAMERICANA,#N/A,XOTEPINGO,COYOACAN,SUR,19.308402,-99.172567,ZONA HABITACIONAL,CON BOTON,CON ALTAVOZ,9m,1,1,1,2,PTZ,CIUDAD SEGURA,,7K,7K,COYOACAN,XOTEPINGO
14588,0,AV PANAMERICANA,RINCONADA DE LAS TRIBUS,PEDREGAL DE CARRASCO,#N/A,XOTEPINGO,COYOACAN,SUR,19.306746,-99.17387,ZONA HABITACIONAL,CON BOTON,CON ALTAVOZ,9m,1,1,1,2,PTZ,CIUDAD SEGURA,,7K,7K,COYOACAN,XOTEPINGO
14589,0,AV PANAMERICANA,RINCONADA DE LOS CANTOS,PEDREGAL DE CARRASCO,#N/A,XOTEPINGO,COYOACAN,SUR,19.30736,-99.17486,ZONA HABITACIONAL,CON BOTON,CON ALTAVOZ,9m,1,1,1,2,PTZ,CIUDAD SEGURA,,7K,7K,COYOACAN,XOTEPINGO
14590,0,AV PANAMERICANA,RINCONADA DE LOS MUSICOS,PEDREGAL DE CARRASCO,#N/A,XOTEPINGO,COYOACAN,SUR,19.30614,-99.175202,ZONA HABITACIONAL,SIN BOTON,CON ALTAVOZ,9m,1,0,1,2,PTZ,CIUDAD SEGURA,,7K,7K,COYOACAN,XOTEPINGO
14591,0,AV PANAMERICANA,RINCONADA DE LA FAUNA,PEDREGAL DE CARRASCO,#N/A,XOTEPINGO,COYOACAN,SUR,19.305505,-99.176972,ZONA HABITACIONAL,CON BOTON,CON ALTAVOZ,9m,1,1,1,2,PTZ,CIUDAD SEGURA,,7K,7K,COYOACAN,XOTEPINGO
14592,0,AV PANAMERICANA,RINCONADA VOLCANES,PEDREGAL DE CARRASCO,#N/A,XOTEPINGO,COYOACAN,SUR,19.304309,-99.180045,ZONA HABITACIONAL,CON BOTON,CON ALTAVOZ,9m,1,1,1,2,PTZ,CIUDAD SEGURA,,7K,7K,COYOACAN,XOTEPINGO
14593,0,AV PANAMERICANA,RINCONADA DE LOS PINTORES,PEDREGAL DE CARRASCO,#N/A,XOTEPINGO,COYOACAN,SUR,19.308512,-99.169997,ZONA HABITACIONAL,CON BOTON,CON ALTAVOZ,9m,1,1,1,2,PTZ,CIUDAD SEGURA,,7K,7K,COYOACAN,XOTEPINGO
14594,0,AV PANAMERICANA,RINCONADA DE LOS JUEGOS,PEDREGAL DE CARRASCO,#N/A,XOTEPINGO,COYOACAN,SUR,19.30986,-99.169199,ZONA HABITACIONAL,SIN BOTON,CON ALTAVOZ,9m,1,0,1,2,PTZ,CIUDAD SEGURA,,7K,7K,COYOACAN,XOTEPINGO
14595,0,MEXICO 1968,AV DE LA LIBERTAD,PEDREGAL DE CARRASCO,#N/A,XOTEPINGO,COYOACAN,SUR,19.305693,-99.169538,ZONA HABITACIONAL,CON BOTON,CON ALTAVOZ,9m,1,1,1,2,PTZ,CIUDAD SEGURA,,7K,7K,COYOACAN,XOTEPINGO
14596,0,AV MEXICO 1968,ENTRE RNDA DE LAS MONEDAS Y ATENAS 1906,U.H. VILLA PANAMERICANA,#N/A,XOTEPINGO,COYOACAN,SUR,19.307554,-99.170577,ZONA HABITACIONAL,CON BOTON,CON ALTAVOZ,9m,1,1,1,2,PTZ,CIUDAD SEGURA,,7K,7K,COYOACAN,XOTEPINGO
14597,0,RINCONADA COLONIAL,ESTACIONAMIENTO,PEDREGAL DE CARRASCO,#N/A,XOTEPINGO,COYOACAN,SUR,19.304791,-99.167728,ZONA HABITACIONAL,SIN BOTON,CON ALTAVOZ,9m,1,0,1,2,PTZ,CIUDAD SEGURA,,7K,7K,COYOACAN,XOTEPINGO
14598,0,AV PANAMERICANA,RINCONADA DE LA FLORA,PEDREGAL DE CARRASCO,#N/A,XOTEPINGO,COYOACAN,SUR,19.305829,-99.178504,ZONA HABITACIONAL,CON BOTON,CON ALTAVOZ,9m,1,1,1,2,PTZ,CIUDAD SEGURA,,7K,7K,COYOACAN,XOTEPINGO
14599,0,REY PAPATZIN,TOTONACAS,AJUSCO,#N/A,XOTEPINGO,COYOACAN,SUR,19.313748,-99.166995,ZONA HABITACIONAL,CON BOTON,CON ALTAVOZ,9m,1,1,1,2,PTZ,CIUDAD SEGURA,,7K,7K,COYOACAN,XOTEPINGO
14600,0,SAN ALBERTO,SAN MACARIO,PEDREGAL DE SANTA URSULA COAPA,#N/A,XOTEPINGO,COYOACAN,SUR,19.314981,-99.151432,ZONA HABITACIONAL,CON BOTON,CON ALTAVOZ,9m,1,1,1,2,PTZ,CIUDAD SEGURA,,7K,7K,COYOACAN,XOTEPINGO
14601,0,SAN ALBERTO,SAN BERNARDINO,PEDREGAL DE SANTA URSULA COAPA,#N/A,XOTEPINGO,COYOACAN,SUR,19.31317,-99.1457,ZONA HABITACIONAL,CON BOTON,CON ALTAVOZ,9m,1,1,1,2,PTZ,CIUDAD SEGURA,,7K,7K,COYOACAN,XOTEPINGO
14602,0,SAN CASTULO,SAN FELIPE,PEDREGAL DE SANTA URSULA,#N/A,XOTEPINGO,COYOACAN,SUR,19.315987,-99.149053,ZONA HABITACIONAL,CON BOTON,CON ALTAVOZ,9m,1,1,1,2,PTZ,CIUDAD SEGURA,,7K,7K,COYOACAN,XOTEPINGO
14603,0,SAN EMETERIO,SAN HERMILO,PEDREGAL DE SANTA URSULA COAPA,#N/A,XOTEPINGO,COYOACAN,SUR,19.311228,-99.154646,ZONA HABITACIONAL,CON BOTON,CON ALTAVOZ,9m,1,1,1,2,PTZ,CIUDAD SEGURA,,7K,7K,COYOACAN,XOTEPINGO
14604,0,SAN FELIPE,SANTO TOMAS,PEDREGAL DE SANTA URSULA COAPA,#N/A,XOTEPINGO,COYOACAN,SUR,19.316626,-99.151529,ZONA HABITACIONAL,SIN BOTON,CON ALTAVOZ,9m,1,0,1,2,PTZ,CIUDAD SEGURA,,7K,7K,COYOACAN,XOTEPINGO
14605,0,SAN GONZALO,SAN GABRIEL,PEDREGAL DE SANTA URSULA,#N/A,XOTEPINGO,COYOACAN,SUR,19.311837,-99.151267,ZONA HABITACIONAL,CON BOTON,CON ALTAVOZ,9m,1,1,1,2,PTZ,CIUDAD SEGURA,,7K,7K,COYOACAN,XOTEPINGO
14606,0,SANTA URSULA,SAN PASCASIO,PEDREGAL DE SANTA URSULA COAPA,#N/A,XOTEPINGO,COYOACAN,SUR,19.310565,-99.1589,ZONA HABITACIONAL,CON BOTON,CON ALTAVOZ,9m,1,1,1,2,PTZ,CIUDAD SEGURA,,7K,7K,COYOACAN,XOTEPINGO
14607,0,SAN HERMILO,SANTO TOMAS,PEDREGAL DE SANTA URSULA COAPA,#N/A,XOTEPINGO,COYOACAN,SUR,19.310913,-99.153513,ZONA HABITACIONAL,CON BOTON,CON ALTAVOZ,9m,1,1,1,2,PTZ,CIUDAD SEGURA,,7K,7K,COYOACAN,XOTEPINGO
14608,0,SAN HERMILO,SAN ELEUTERIO,PEDREGAL DE SANTA URSULA,#N/A,XOTEPINGO,COYOACAN,SUR,19.312818,-99.159526,ZONA HABITACIONAL,CON BOTON,CON ALTAVOZ,9m,1,1,1,2,PTZ,CIUDAD SEGURA,,7K,7K,COYOACAN,XOTEPINGO
14609,0,SAN JORGE,SAN CASTULO,PEDREGAL DE SANTA URSULA,#N/A,XOTEPINGO,COYOACAN,SUR,19.306946,-99.152281,ZONA HABITACIONAL,CON BOTON,CON ALTAVOZ,9m,1,1,1,2,PTZ,CIUDAD SEGURA,,7K,7K,COYOACAN,XOTEPINGO
14610,0,SAN JORGE,SAN ELEUTERIO,PEDREGAL DE SANTA URSULA,#N/A,XOTEPINGO,COYOACAN,SUR,19.309632,-99.160689,ZONA HABITACIONAL,CON BOTON,CON ALTAVOZ,9m,1,1,1,2,PTZ,CIUDAD SEGURA,,7K,7K,COYOACAN,XOTEPINGO
14611,0,SAN LEON,SAN RAUL,PEDREGAL DE SANTA URSULA COAPA,#N/A,XOTEPINGO,COYOACAN,SUR,19.312553,-99.148469,ZONA HABITACIONAL,CON BOTON,CON ALTAVOZ,9m,1,1,1,2,PTZ,CIUDAD SEGURA,,7K,7K,COYOACAN,XOTEPINGO
14612,0,SANTA URSULA,SAN PERFECTO,PUEBLO SANTA URSULA COAPA,#N/A,XOTEPINGO,COYOACAN,SUR,19.307772,-99.148779,ZONA HABITACIONAL,SIN BOTON,CON ALTAVOZ,9m,1,0,1,2,PTZ,CIUDAD SEGURA,,7K,7K,COYOACAN,XOTEPINGO
14613,0,SAN RAUL,SAN ISIDRO,PEDREGAL DE SANTA URSULA COAPA,#N/A,XOTEPINGO,COYOACAN,SUR,19.311976,-99.146698,ZONA HABITACIONAL,CON BOTON,CON ALTAVOZ,9m,1,1,1,2,PTZ,CIUDAD SEGURA,,7K,7K,COYOACAN,XOTEPINGO
14614,0,SAN RICARDO,SAN GONZALO,PEDREGAL DE SANTA URSULA,#N/A,XOTEPINGO,COYOACAN,SUR,19.313261,-99.155857,ZONA HABITACIONAL,SIN BOTON,CON ALTAVOZ,9m,1,0,1,2,PTZ,CIUDAD SEGURA,,7K,7K,COYOACAN,XOTEPINGO
14615,0,SAN RICARDO,SAN HERMILO,PEDREGAL DE SANTA URSULA,#N/A,XOTEPINGO,COYOACAN,SUR,19.311778,-99.15637,ZONA HABITACIONAL,CON BOTON,CON ALTAVOZ,9m,1,1,1,2,PTZ,CIUDAD SEGURA,,7K,7K,COYOACAN,XOTEPINGO
14616,0,SAN RICARDO,SAN JORGE,PEDREGAL DE SANTA URSULA,#N/A,XOTEPINGO,COYOACAN,SUR,19.308686,-99.157604,ZONA HABITACIONAL,CON BOTON,CON ALTAVOZ,9m,1,1,1,2,PTZ,CIUDAD SEGURA,,7K,7K,COYOACAN,XOTEPINGO
14617,0,SAN VICTORIO,SAN RAUL,PEDREGAL DE SANTA URSULA,#N/A,XOTEPINGO,COYOACAN,SUR,19.314022,-99.153078,ZONA HABITACIONAL,CON BOTON,CON ALTAVOZ,9m,1,1,1,2,PTZ,CIUDAD SEGURA,,7K,7K,COYOACAN,XOTEPINGO
14656,0,PROL LAS FLORES,5A CDA LAS FLORES,PUEBLO LOS REYES,#N/A,XOTEPINGO,COYOACAN,SUR,19.331905,-99.155008,ZONA HABITACIONAL,SIN BOTON,CON ALTAVOZ,9m,1,0,1,2,PTZ,CIUDAD SEGURA,,7K,7K,COYOACAN,XOTEPINGO
14662,0,AV REY MOCTEZUMA,TOLTECAS,PUEBLO LOS REYES,#N/A,XOTEPINGO,COYOACAN,SUR,19.329391,-99.157091,ZONA HABITACIONAL,CON BOTON,CON ALTAVOZ,9m,1,1,1,2,PTZ,CIUDAD SEGURA,,7K,7K,COYOACAN,XOTEPINGO
14681,0,TALLO,DIEGO RIVERA,SAN PABLO TEPETLAPA,#N/A,XOTEPINGO,COYOACAN,SUR,19.31995,-99.142336,ZONA HABITACIONAL,CON BOTON,CON ALTAVOZ,9m,1,1,1,2,PTZ,CIUDAD SEGURA,,7K,7K,COYOACAN,XOTEPINGO
14685,0,CEDROS,ENTRE SAN BERNARDINO Y TEXTITLAN,EX EJIDO SANTA URSULA COAPA,#N/A,XOTEPINGO,COYOACAN,SUR,19.313993,-99.144577,ZONA HABITACIONAL,SIN BOTON,CON ALTAVOZ,9m,1,0,1,2,PTZ,CIUDAD SEGURA,,7K,7K,COYOACAN,XOTEPINGO
14686,0,SAN FELIPE,ENTRE SAN BERNARDINO Y TEXTITLAN,PEDREGAL DE SANTA URSULA,#N/A,XOTEPINGO,COYOACAN,SUR,19.314607,-99.144426,ZONA HABITACIONAL,SIN BOTON,CON ALTAVOZ,9m,1,0,1,2,PTZ,CIUDAD SEGURA,,7K,7K,COYOACAN,XOTEPINGO
14687,0,TEOTONGO,ENTRE LAS FLORES Y TLALMANCO,SANTA URSULA COAPA,#N/A,XOTEPINGO,COYOACAN,SUR,19.304772,-99.147967,ZONA HABITACIONAL,CON BOTON,CON ALTAVOZ,9m,1,1,1,2,PTZ,CIUDAD SEGURA,,7K,7K,COYOACAN,XOTEPINGO
14803,0,AV DE LA LIBERTAD,RINCONADA DE LOS ESCRITORES,U.H. PEDREGAL DE CARRASCO,#N/A,XOTEPINGO,COYOACAN,SUR,19.307131,-99.168444,ZONA HABITACIONAL,CON BOTON,CON ALTAVOZ,9m,1,1,1,2,PTZ,CIUDAD SEGURA,,7K,7K,COYOACAN,XOTEPINGO
14804,0,AV DE LA LIBERTAD,RINCONADA DE LOS PERSONAJES,U.H. PEDREGAL DE CARRASCO,#N/A,XOTEPINGO,COYOACAN,SUR,19.307981,-99.168103,ZONA HABITACIONAL,CON BOTON,CON ALTAVOZ,9m,1,1,1,2,PTZ,CIUDAD SEGURA,,7K,7K,COYOACAN,XOTEPINGO
16927,0,REY NEZAHUALCOYOTL,TOTONACAS,AJUSCO,#N/A,XOTEPINGO,COYOACAN,SUR,19.326111,-99.156126,INCIDENCIA DELICTIVA,CON BOTON,CON ALTAVOZ,9m,1,1,1,2,PTZ,CIUDAD SEGURA,,7K,7K,COYOACAN,XOTEPINGO
16935,0,CTO ESTADIO AZTECA,LAS FLORES,PEDREGAL DE SANTA URSULA COAPA,#N/A,XOTEPINGO,COYOACAN,SUR,19.304473,-99.148862,INCIDENCIA DELICTIVA,CON BOTON,CON ALTAVOZ,9m,5,1,1,2,PTZ FIJA,CIUDAD SEGURA,,3.6K,7K,COYOACAN,XOTEPINGO
MC720,0,TECACALO,CALMECAC,ADOLFO RUIZ CORTINEZ,#N/A,XOTEPINGO,COYOACAN,SUR,19.320992,-99.146787,BARRIO SEGURO,CON BOTON,SIN ALTAVOZ,TOTEM,2,1,0,0,FIJA,TOTEMS,,,#N/A,COYOACAN,XOTEPINGO
MC723,0,MITL,TABARE,ADOLFO RUIZ CORTINEZ,#N/A,XOTEPINGO,COYOACAN,SUR,19.31805,-99.158173,BARRIO SEGURO,CON BOTON,SIN ALTAVOZ,TOTEM,2,1,0,0,FIJA,TOTEMS,,,#N/A,COYOACAN,XOTEPINGO
MC728,0,MITL,TABARÉ,ADOLFO RUIZ CORTINEZ,#N/A,XOTEPINGO,COYOACAN,SUR,19.318058,-99.158172,BARRIO SEGURO,CON BOTON,SIN ALTAVOZ,TOTEM,2,1,0,0,FIJA,TOTEMS,,,#N/A,COYOACAN,XOTEPINGO
MC859,0,IZQUITECATL,IXTLIXOCHITL,ADOLFO RUIZ CORTINEZ,#N/A,XOTEPINGO,COYOACAN,SUR,19.31799964,-99.15682123,BARRIO SEGURO,CON BOTON,SIN ALTAVOZ,TOTEM,2,1,0,0,FIJA,TOTEMS,,,#N/A,COYOACAN,XOTEPINGO
MC860,0,MIXTECAS,REYNA IXTLIXOCHITL Y REY TOPITLZIN,AJUSCO,#N/A,XOTEPINGO,COYOACAN,SUR,19.323029,-99.157676,BARRIO SEGURO,CON BOTON,SIN ALTAVOZ,TOTEM,2,1,0,0,FIJA,TOTEMS,,,#N/A,COYOACAN,XOTEPINGO
MC890,0,NAYARITAS,OTOMIES,AJUSCO HUAYAMILPAS,#N/A,XOTEPINGO,COYOACAN,SUR,19.322123,-99.153398,BARRIO SEGURO,CON BOTON,SIN ALTAVOZ,TOTEM,2,1,0,0,FIJA,TOTEMS,,,#N/A,COYOACAN,XOTEPINGO
MC2367,0,CALLE TONACATECUTL,CALLE ATZAYACATL,ADOLFO RUIZ CORTINEZ,#N/A,XOTEPINGO,COYOACAN,SUR,19.32286911,-99.14763375,BARRIO SEGURO,CON BOTON,SIN ALTAVOZ,TOTEM,2,1,0,0,FIJA,TOTEMS,,,#N/A,COYOACAN,XOTEPINGO
MC2368,0,CALLE TEOLOLE,CALLE TONACATECUTL,ADOLFO RUIZ CORTINEZ,#N/A,XOTEPINGO,COYOACAN,SUR,19.32259586,-99.14672533,BARRIO SEGURO,CON BOTON,SIN ALTAVOZ,TOTEM,2,1,0,0,FIJA,TOTEMS,,,#N/A,COYOACAN,XOTEPINGO
MC2369,0,TEPONAXTLI,TEOCALLI,ADOLFO RUIZ CORTINEZ,#N/A,XOTEPINGO,COYOACAN,SUR,19.316514,-99.15714,BARRIO SEGURO,CON BOTON,SIN ALTAVOZ,TOTEM,2,1,0,0,FIJA,TOTEMS,,,#N/A,COYOACAN,XOTEPINGO
MC2370,0,HUITZILOPOCHTLI,ATZAYACATL,ADOLFO RUIZ CORTINEZ,#N/A,XOTEPINGO,COYOACAN,SUR,19.319912,-99.148925,BARRIO SEGURO,CON BOTON,SIN ALTAVOZ,TOTEM,2,1,0,0,FIJA,TOTEMS,,,#N/A,COYOACAN,XOTEPINGO
MC2371,0,CALLE ATZAYACATL,CALLE CALMÉCAC,ADOLFO RUIZ CORTINEZ,#N/A,XOTEPINGO,COYOACAN,SUR,19.32155222,-99.1483446,BARRIO SEGURO,CON BOTON,SIN ALTAVOZ,TOTEM,2,1,0,0,FIJA,TOTEMS,,,#N/A,COYOACAN,XOTEPINGO
MC2372,0,CALLE ILHUICAMINA,CALLE IXTLIXÓCHITL,ADOLFO RUIZ CORTINEZ,#N/A,XOTEPINGO,COYOACAN,SUR,19.31723593,-99.15524373,BARRIO SEGURO,CON BOTON,SIN ALTAVOZ,TOTEM,2,1,0,0,FIJA,TOTEMS,,,#N/A,COYOACAN,XOTEPINGO
MC2373,0,TETEPEUH,MAZATZIN,ADOLFO RUIZ CORTINEZ,#N/A,XOTEPINGO,COYOACAN,SUR,19.318956,-99.152462,BARRIO SEGURO,CON BOTON,SIN ALTAVOZ,TOTEM,2,1,0,0,FIJA,TOTEMS,,,#N/A,COYOACAN,XOTEPINGO
MC2374,0,CALLE IZTACCÍHUATL,CALLE TEPONAXTLI,ADOLFO RUIZ CORTINEZ,#N/A,XOTEPINGO,COYOACAN,SUR,19.31913882,-99.15569211,BARRIO SEGURO,CON BOTON,SIN ALTAVOZ,TOTEM,2,1,0,0,FIJA,TOTEMS,,,#N/A,COYOACAN,XOTEPINGO
MC2375,0,HUITZILOPOCHTLI,CALLE TEOLOLE,ADOLFO RUIZ CORTINEZ,#N/A,XOTEPINGO,COYOACAN,SUR,19.319532,-99.147942,BARRIO SEGURO,CON BOTON,SIN ALTAVOZ,TOTEM,2,1,0,0,FIJA,TOTEMS,,,#N/A,COYOACAN,XOTEPINGO
MC2376,0,CALLE XIUHNEL,CALLE TÍZOC,ADOLFO RUIZ CORTINEZ,#N/A,XOTEPINGO,COYOACAN,SUR,19.31900592,-99.1504258,BARRIO SEGURO,CON BOTON,SIN ALTAVOZ,TOTEM,2,1,0,0,FIJA,TOTEMS,,,#N/A,COYOACAN,XOTEPINGO
MC2377,0,CALLE MARGARITA MAZA DE JUÁREZ,CALLE TEPETLAPA,NUEVA DIAZ ORDAZ,#N/A,XOTEPINGO,COYOACAN,SUR,19.324036,-99.147585,BARRIO SEGURO,CON BOTON,SIN ALTAVOZ,TOTEM,2,1,0,0,FIJA,TOTEMS,,,#N/A,COYOACAN,XOTEPINGO
MC2378,0,Lázaro Cárdenas,REYNA IXTLIXÓCHITL E IZTACCIHUATL,AJUSCO HUAYAMILPAS,#N/A,XOTEPINGO,COYOACAN,SUR,19.319937,-99.151905,BARRIO SEGURO,CON BOTON,SIN ALTAVOZ,TOTEM,2,1,0,0,FIJA,TOTEMS,,,#N/A,COYOACAN,XOTEPINGO
MC2379,0,ITZCUINA,TEOCALLI,ADOLFO RUIZ CORTINEZ,#N/A,XOTEPINGO,COYOACAN,SUR,19.316706,-99.158105,BARRIO SEGURO,CON BOTON,SIN ALTAVOZ,TOTEM,2,1,0,0,FIJA,TOTEMS,,,#N/A,COYOACAN,XOTEPINGO
MC2380,0,AVENIDA HIDALGO,CALLE TECACALO,DE LA CANDELARIA,#N/A,XOTEPINGO,COYOACAN,SUR,19.32489589,-99.14550701,BARRIO SEGURO,CON BOTON,SIN ALTAVOZ,TOTEM,2,1,0,0,FIJA,TOTEMS,,,#N/A,COYOACAN,XOTEPINGO
MC2381,0,QUAUHNICOL,TONACATECUTL,ADOLFO RUIZ CORTINEZ,#N/A,XOTEPINGO,COYOACAN,SUR,19.322317,-99.145762,BARRIO SEGURO,CON BOTON,SIN ALTAVOZ,TOTEM,2,1,0,0,FIJA,TOTEMS,,,#N/A,COYOACAN,XOTEPINGO
MC2382,0,CALLE POPOCATÉPETL,SAN MACARIO,ADOLFO RUIZ CORTINEZ,#N/A,XOTEPINGO,COYOACAN,SUR,19.31779741,-99.1504393,BARRIO SEGURO,CON BOTON,SIN ALTAVOZ,TOTEM,2,1,0,0,FIJA,TOTEMS,,,#N/A,COYOACAN,XOTEPINGO
MC2383,0,XOLOC,TEMOC,ADOLFO RUIZ CORTINEZ,#N/A,XOTEPINGO,COYOACAN,SUR,19.32085,-99.148076,BARRIO SEGURO,CON BOTON,SIN ALTAVOZ,TOTEM,2,1,0,0,FIJA,TOTEMS,,,#N/A,COYOACAN,XOTEPINGO
MC2384,0,HUITZILOPOCHTLI,QUAUHNICOL,ADOLFO RUIZ CORTINEZ,#N/A,XOTEPINGO,COYOACAN,SUR,19.319237,-99.146758,BARRIO SEGURO,CON BOTON,SIN ALTAVOZ,TOTEM,2,1,0,0,FIJA,TOTEMS,,,#N/A,COYOACAN,XOTEPINGO
MC2385,0,IZTACCIHUATL,ITZCUINA,ADOLFO RUIZ CORTINEZ,#N/A,XOTEPINGO,COYOACAN,SUR,19.31895496,-99.15702474,BARRIO SEGURO,CON BOTON,SIN ALTAVOZ,TOTEM,2,1,0,0,FIJA,TOTEMS,,,#N/A,COYOACAN,XOTEPINGO
MC2386,0,NEZAHUALPILLI,TETEPUH,ADOLFO RUIZ CORTINEZ,#N/A,XOTEPINGO,COYOACAN,SUR,19.31938,-99.153656,BARRIO SEGURO,CON BOTON,SIN ALTAVOZ,TOTEM,2,1,0,0,FIJA,TOTEMS,,,#N/A,COYOACAN,XOTEPINGO
MC2387,0,CALPULLI,CIHUACALLI,ADOLFO RUIZ CORTINEZ,#N/A,XOTEPINGO,COYOACAN,SUR,19.317659,-99.159049,BARRIO SEGURO,CON BOTON,SIN ALTAVOZ,TOTEM,2,1,0,0,FIJA,TOTEMS,,,#N/A,COYOACAN,XOTEPINGO
MC2388,0,Nahuayotzin,Iztaccihuatl,ADOLFO RUIZ CORTINEZ,#N/A,XOTEPINGO,COYOACAN,SUR,19.3193213,-99.1549319,BARRIO SEGURO,CON BOTON,SIN ALTAVOZ,TOTEM,2,1,0,0,FIJA,TOTEMS,,,#N/A,COYOACAN,XOTEPINGO
MC2389,0,XOLOC,ENTRE POPOCATEPETL Y HUITZILOPOCHTLI,ADOLFO RUIZ CORTINEZ,#N/A,XOTEPINGO,COYOACAN,SUR,19.318774,-99.148753,BARRIO SEGURO,CON BOTON,SIN ALTAVOZ,TOTEM,2,1,0,0,FIJA,TOTEMS,,,#N/A,COYOACAN,XOTEPINGO
MC2390,0,IZQUITECATL,REY MOCTEZUMA,ADOLFO RUIZ CORTINEZ,#N/A,XOTEPINGO,COYOACAN,SUR,19.315337,-99.158284,BARRIO SEGURO,CON BOTON,SIN ALTAVOZ,TOTEM,2,1,0,0,FIJA,TOTEMS,,,#N/A,COYOACAN,XOTEPINGO
MC2391,0,MEXCALLATL,NEZAHUALPILLI,ADOLFO RUIZ CORTINEZ,#N/A,XOTEPINGO,COYOACAN,SUR,19.31844,-99.154013,BARRIO SEGURO,CON BOTON,SIN ALTAVOZ,TOTEM,2,1,0,0,FIJA,TOTEMS,,,#N/A,COYOACAN,XOTEPINGO
MC2392,0,ITZCOATL,ENTRE HUITZILOPÓCHTLI Y  1RA CDA. ITZCÓATL,ADOLFO RUIZ CORTINEZ,#N/A,XOTEPINGO,COYOACAN,SUR,19.31964798,-99.14607476,BARRIO SEGURO,CON BOTON,SIN ALTAVOZ,TOTEM,2,1,0,0,FIJA,TOTEMS,,,#N/A,COYOACAN,XOTEPINGO
MC2393,0,TEMOC,TEOLOLE,ADOLFO RUIZ CORTINEZ,#N/A,XOTEPINGO,COYOACAN,SUR,19.32066836,-99.14740513,BARRIO SEGURO,CON BOTON,SIN ALTAVOZ,TOTEM,2,1,0,0,FIJA,TOTEMS,,,#N/A,COYOACAN,XOTEPINGO
MC2394,0,TEPALCATZIN,TETEPEUH,ADOLFO RUIZ CORTINEZ,#N/A,XOTEPINGO,COYOACAN,SUR,19.319202,-99.153004,BARRIO SEGURO,CON BOTON,SIN ALTAVOZ,TOTEM,2,1,0,0,FIJA,TOTEMS,,,#N/A,COYOACAN,XOTEPINGO
MC2395,0,NEZAHUALPILLI,POPOCATEPETL,ADOLFO RUIZ CORTINEZ,#N/A,XOTEPINGO,COYOACAN,SUR,19.316483,-99.154973,BARRIO SEGURO,CON BOTON,SIN ALTAVOZ,TOTEM,2,1,0,0,FIJA,TOTEMS,,,#N/A,COYOACAN,XOTEPINGO
MC2396,0,NAHUAYOTZIN,IXTLIXOCHITL,ADOLFO RUIZ CORTINEZ,#N/A,XOTEPINGO,COYOACAN,SUR,19.317495,-99.155766,BARRIO SEGURO,CON BOTON,SIN ALTAVOZ,TOTEM,2,1,0,0,FIJA,TOTEMS,,,#N/A,COYOACAN,XOTEPINGO
MC2397,0,CALMECAC,ATZAYACATL,ADOLFO RUIZ CORTINEZ,#N/A,XOTEPINGO,COYOACAN,SUR,19.321432,-99.14851,BARRIO SEGURO,CON BOTON,SIN ALTAVOZ,TOTEM,2,1,0,0,FIJA,TOTEMS,,,#N/A,COYOACAN,XOTEPINGO
MC2398,0,AHUIZOTL,HUITZILOPOCHTLI,ADOLFO RUIZ CORTINEZ,#N/A,XOTEPINGO,COYOACAN,SUR,19.319997,-99.149549,BARRIO SEGURO,CON BOTON,SIN ALTAVOZ,TOTEM,2,1,0,0,FIJA,TOTEMS,,,#N/A,COYOACAN,XOTEPINGO
MC2402,0,TOTONACAS,NEZAHUALPILLI,AJUSCO,#N/A,XOTEPINGO,COYOACAN,SUR,19.31531,-99.165455,BARRIO SEGURO,CON BOTON,SIN ALTAVOZ,TOTEM,2,1,0,0,FIJA,TOTEMS,,,#N/A,COYOACAN,XOTEPINGO
MC2403,0,ZAPOTECAS,REY MECONETZIN,AJUSCO,#N/A,XOTEPINGO,COYOACAN,SUR,19.322863,-99.161723,BARRIO SEGURO,CON BOTON,SIN ALTAVOZ,TOTEM,2,1,0,0,FIJA,TOTEMS,,,#N/A,COYOACAN,XOTEPINGO
MC2404,0,NAHUATLACAS,NEZAHUALPILLI,AJUSCO,#N/A,XOTEPINGO,COYOACAN,SUR,19.31362,-99.16339477,BARRIO SEGURO,CON BOTON,SIN ALTAVOZ,TOTEM,2,1,0,0,FIJA,TOTEMS,,,#N/A,COYOACAN,XOTEPINGO
MC2405,0,CHICHIMECAS,REY TOPILTZIN,AJUSCO,#N/A,XOTEPINGO,COYOACAN,SUR,19.321828,-99.157516,BARRIO SEGURO,CON BOTON,SIN ALTAVOZ,TOTEM,2,1,0,0,FIJA,TOTEMS,,,#N/A,COYOACAN,XOTEPINGO
MC2406,0,REYNA IXTLIXÓCHITL,LÁZARO CÁRDENAS,AJUSCO HUAYAMILPAS,#N/A,XOTEPINGO,COYOACAN,SUR,19.32000816,-99.15196286,BARRIO SEGURO,CON BOTON,SIN ALTAVOZ,TOTEM,2,1,0,0,FIJA,TOTEMS,,,#N/A,COYOACAN,XOTEPINGO
MC2407,0,REY NEZAHUALCÓYOTL,ZAPOTECAS,AJUSCO,#N/A,XOTEPINGO,COYOACAN,SUR,19.32743763,-99.15783745,BARRIO SEGURO,CON BOTON,SIN ALTAVOZ,TOTEM,2,1,0,0,FIJA,TOTEMS,,,#N/A,COYOACAN,XOTEPINGO
MC2408,0,MIXTECAS,ENTRE REY PAPATZIN Y NEZAHUALPILLI,AJUSCO,#N/A,XOTEPINGO,COYOACAN,SUR,19.31389502,-99.16547268,BARRIO SEGURO,CON BOTON,SIN ALTAVOZ,TOTEM,2,1,0,0,FIJA,TOTEMS,,,#N/A,COYOACAN,XOTEPINGO
MC2409,0,TOLTECAS,REY TOPILTZIN,AJUSCO,#N/A,XOTEPINGO,COYOACAN,SUR,19.324932,-99.161271,BARRIO SEGURO,CON BOTON,SIN ALTAVOZ,TOTEM,2,1,0,0,FIJA,TOTEMS,,,#N/A,COYOACAN,XOTEPINGO
MC2410,0,ZAPOTECAS,REY MECONETZIN,AJUSCO,#N/A,XOTEPINGO,COYOACAN,SUR,19.322862,-99.161832,BARRIO SEGURO,CON BOTON,SIN ALTAVOZ,TOTEM,2,1,0,0,FIJA,TOTEMS,,,#N/A,COYOACAN,XOTEPINGO
MC2411,0,NAHUATLACAS,REY MECONETZIN,AJUSCO,#N/A,XOTEPINGO,COYOACAN,SUR,19.31989839,-99.15783072,BARRIO SEGURO,CON BOTON,SIN ALTAVOZ,TOTEM,2,1,0,0,FIJA,TOTEMS,,,#N/A,COYOACAN,XOTEPINGO
MC2412,0,NAHUATLACAS,MOCTECUZOMA,AJUSCO,#N/A,XOTEPINGO,COYOACAN,SUR,19.3152218,-99.16197486,BARRIO SEGURO,CON BOTON,SIN ALTAVOZ,TOTEM,2,1,0,0,FIJA,TOTEMS,,,#N/A,COYOACAN,XOTEPINGO
MC2413,0,NAYARIT,REY HUEMAN,AJUSCO,#N/A,XOTEPINGO,COYOACAN,SUR,19.31491279,-99.15863161,BARRIO SEGURO,CON BOTON,SIN ALTAVOZ,TOTEM,2,1,0,0,FIJA,TOTEMS,,,#N/A,COYOACAN,XOTEPINGO
MC2414,0,AV. AZTECAS,REY HUEMAN,AJUSCO,#N/A,XOTEPINGO,COYOACAN,SUR,19.319243,-99.163852,BARRIO SEGURO,CON BOTON,SIN ALTAVOZ,TOTEM,2,1,0,0,FIJA,TOTEMS,,,#N/A,COYOACAN,XOTEPINGO
MC2415,0,CHICHIMECAS,REYNA IXTLIXOCHITL,AJUSCO,#N/A,XOTEPINGO,COYOACAN,SUR,19.323381,-99.155912,BARRIO SEGURO,CON BOTON,SIN ALTAVOZ,TOTEM,2,1,0,0,FIJA,TOTEMS,,,#N/A,COYOACAN,XOTEPINGO
MC2416,0,REY PAPATZIN,CORAS,AJUSCO,#N/A,XOTEPINGO,COYOACAN,SUR,19.311696,-99.16383,BARRIO SEGURO,CON BOTON,SIN ALTAVOZ,TOTEM,2,1,0,0,FIJA,TOTEMS,,,#N/A,COYOACAN,XOTEPINGO
MC2417,0,ZAPOTECAS,REY HUEMAN,AJUSCO,#N/A,XOTEPINGO,COYOACAN,SUR,19.31979924,-99.16455298,BARRIO SEGURO,CON BOTON,SIN ALTAVOZ,TOTEM,2,1,0,0,FIJA,TOTEMS,,,#N/A,COYOACAN,XOTEPINGO
MC2418,0,REY NEZAHUALCÓYOTL,AV. AZTECAS,AJUSCO,#N/A,XOTEPINGO,COYOACAN,SUR,19.32633388,-99.15670479,BARRIO SEGURO,CON BOTON,SIN ALTAVOZ,TOTEM,2,1,0,0,FIJA,TOTEMS,,,#N/A,COYOACAN,XOTEPINGO
MC2419,0,REY TOPILTZIN,TOTONACAS,AJUSCO,#N/A,XOTEPINGO,COYOACAN,SUR,19.32284546,-99.15874972,BARRIO SEGURO,CON BOTON,SIN ALTAVOZ,TOTEM,2,1,0,0,FIJA,TOTEMS,,,#N/A,COYOACAN,XOTEPINGO
MC2420,0,REYNA IXTLIXÓCHITL,NAHUATLACAS,AJUSCO,#N/A,XOTEPINGO,COYOACAN,SUR,19.322926,-99.155366,BARRIO SEGURO,CON BOTON,SIN ALTAVOZ,TOTEM,2,1,0,0,FIJA,TOTEMS,,,#N/A,COYOACAN,XOTEPINGO
MC2421,0,ZAPOTECAS,REY TEPÁLCATZIN,AJUSCO,#N/A,XOTEPINGO,COYOACAN,SUR,19.32096735,-99.16334231,BARRIO SEGURO,CON BOTON,SIN ALTAVOZ,TOTEM,2,1,0,0,FIJA,TOTEMS,,,#N/A,COYOACAN,XOTEPINGO
MC2422,0,AV. AZTECAS,REY TLATECUHUTLI,AJUSCO,#N/A,XOTEPINGO,COYOACAN,SUR,19.31315701,-99.16923469,BARRIO SEGURO,CON BOTON,SIN ALTAVOZ,TOTEM,2,1,0,0,FIJA,TOTEMS,,,#N/A,COYOACAN,XOTEPINGO
MC2423,0,REY PAPATZIN,CHICHIMECAS,AJUSCO,#N/A,XOTEPINGO,COYOACAN,SUR,19.312706,-99.165512,BARRIO SEGURO,CON BOTON,SIN ALTAVOZ,TOTEM,2,1,0,0,FIJA,TOTEMS,,,#N/A,COYOACAN,XOTEPINGO
MC2424,0,REY TLATECUHTLI,TOTONACAS,AJUSCO,#N/A,XOTEPINGO,COYOACAN,SUR,19.312337,-99.168218,BARRIO SEGURO,CON BOTON,SIN ALTAVOZ,TOTEM,2,1,0,0,FIJA,TOTEMS,,,#N/A,COYOACAN,XOTEPINGO
MC2425,0,SAN GUILLERMO,REY PAPATZIN,PEDREGAL DE SANTA URSULA,#N/A,XOTEPINGO,COYOACAN,SUR,19.311021,-99.162622,BARRIO SEGURO,CON BOTON,SIN ALTAVOZ,TOTEM,2,1,0,0,FIJA,TOTEMS,,,#N/A,COYOACAN,XOTEPINGO
MC2426,0,Av. Aztecas,Rey Hueman,AJUSCO,#N/A,XOTEPINGO,COYOACAN,SUR,19.319216,-99.163856,BARRIO SEGURO,CON BOTON,SIN ALTAVOZ,TOTEM,2,1,0,0,FIJA,TOTEMS,,,#N/A,COYOACAN,XOTEPINGO
MC2428,0,REY MOCTEZUMA,TOTONACAS,AJUSCO,#N/A,XOTEPINGO,COYOACAN,SUR,19.32737593,-99.15478228,BARRIO SEGURO,CON BOTON,SIN ALTAVOZ,TOTEM,2,1,0,0,FIJA,TOTEMS,,,#N/A,COYOACAN,XOTEPINGO
MC2431,0,MOCTEZUMA,OTOMIES,AJUSCO,#N/A,XOTEPINGO,COYOACAN,SUR,19.314056,-99.160531,BARRIO SEGURO,CON BOTON,SIN ALTAVOZ,TOTEM,2,1,0,0,FIJA,TOTEMS,,,#N/A,COYOACAN,XOTEPINGO
MC2432,0,NEZAHUALPILLI,CHICHIMECAS,AJUSCO,#N/A,XOTEPINGO,COYOACAN,SUR,19.31403422,-99.1641884,CRUCES SEGURO,CON BOTON,SIN ALTAVOZ,TOTEM,2,1,0,0,FIJA,TOTEMS,,,#N/A,COYOACAN,XOTEPINGO
MC2433,0,REY HUEMAN,CHICHIMECAS,AJUSCO,#N/A,XOTEPINGO,COYOACAN,SUR,19.3171686,-99.16145319,CRUCES SEGURO,CON BOTON,SIN ALTAVOZ,TOTEM,2,1,0,0,FIJA,TOTEMS,,,#N/A,COYOACAN,XOTEPINGO
MC2434,0,REY TOPILTZIN,CORAS,AJUSCO,#N/A,XOTEPINGO,COYOACAN,SUR,19.320693,-99.155901,CRUCES SEGURO,CON BOTON,SIN ALTAVOZ,TOTEM,2,1,0,0,FIJA,TOTEMS,,,#N/A,COYOACAN,XOTEPINGO
MC2435,0,CHIMECAS,IZTACIHUATL,AJUSCO,#N/A,XOTEPINGO,COYOACAN,SUR,19.31888405,-99.15941424,CRUCES SEGURO,CON BOTON,SIN ALTAVOZ,TOTEM,2,1,0,0,FIJA,TOTEMS,,,#N/A,COYOACAN,XOTEPINGO
MC2436,0,REY MECONETZIN,TOLTECAS,AJUSCO,#N/A,XOTEPINGO,COYOACAN,SUR,19.32323243,-99.16251156,CRUCES SEGURO,CON BOTON,SIN ALTAVOZ,TOTEM,2,1,0,0,FIJA,TOTEMS,,,#N/A,COYOACAN,XOTEPINGO
MC2437,0,TOTONACAS,REY MECONETZIN,AJUSCO,#N/A,XOTEPINGO,COYOACAN,SUR,19.32150615,-99.15996397,CRUCES SEGURO,CON BOTON,SIN ALTAVOZ,TOTEM,2,1,0,0,FIJA,TOTEMS,,,#N/A,COYOACAN,XOTEPINGO
MC2438,0,MOCTEZUMA,MIXTECAS,AJUSCO,#N/A,XOTEPINGO,COYOACAN,SUR,19.31638351,-99.16346638,CRUCES SEGURO,CON BOTON,SIN ALTAVOZ,TOTEM,2,1,0,0,FIJA,TOTEMS,,,#N/A,COYOACAN,XOTEPINGO
MC2439,0,MIXTECAS,REY NEZAHUALCOYOTL,AJUSCO,#N/A,XOTEPINGO,COYOACAN,SUR,19.325422,-99.15557,CRUCES SEGURO,CON BOTON,SIN ALTAVOZ,TOTEM,2,1,0,0,FIJA,TOTEMS,,,#N/A,COYOACAN,XOTEPINGO
MC2445,0,CDA NAHUATLACAS,CDA DEL LAGO,AMPLIACION CANDELARIA,#N/A,XOTEPINGO,COYOACAN,SUR,19.328245,-99.151545,BARRIO SEGURO,CON BOTON,SIN ALTAVOZ,TOTEM,2,1,0,0,FIJA,TOTEMS,,,#N/A,COYOACAN,XOTEPINGO
MC2446,0,SANTA CRUZ,LOS COLORINES Y CLUB,AMPLIACION CANDELARIA,#N/A,XOTEPINGO,COYOACAN,SUR,19.32899118,-99.14774521,BARRIO SEGURO,CON BOTON,SIN ALTAVOZ,TOTEM,2,1,0,0,FIJA,TOTEMS,,,#N/A,COYOACAN,XOTEPINGO
MC2447,0,NAHUATLACAS,PALMAS Y HUAYAMILPAS,AMPLIACION CANDELARIA,#N/A,XOTEPINGO,COYOACAN,SUR,19.329081,-99.150233,BARRIO SEGURO,CON BOTON,SIN ALTAVOZ,TOTEM,2,1,0,0,FIJA,TOTEMS,,,#N/A,COYOACAN,XOTEPINGO
MC2448,0,3A CDA. HUAYAMILPAS,HUAYAMILPAS,AMPLIACION CANDELARIA,#N/A,XOTEPINGO,COYOACAN,SUR,19.327651,-99.149178,BARRIO SEGURO,CON BOTON,SIN ALTAVOZ,TOTEM,2,1,0,0,FIJA,TOTEMS,,,#N/A,COYOACAN,XOTEPINGO
MC2449,0,AV DEL PANTEON,ENTRE PRIMERA PRIVADA AVENIDA DEL PANTEON Y QUINTA PRIVADA ANTES PANTEON 12,DE LA CANDELARIA,#N/A,XOTEPINGO,COYOACAN,SUR,19.330674,-99.148849,BARRIO SEGURO,CON BOTON,SIN ALTAVOZ,TOTEM,2,1,0,0,FIJA,TOTEMS,,,#N/A,COYOACAN,XOTEPINGO
MC2450,0,2DA. CDA. NAHUATLACAS,ENTRE NAHUATLACAS Y CORAS,AJUSCO HUAYAMILPAS,#N/A,XOTEPINGO,COYOACAN,SUR,19.326528,-99.151449,BARRIO SEGURO,CON BOTON,SIN ALTAVOZ,TOTEM,2,1,0,0,FIJA,TOTEMS,,,#N/A,COYOACAN,XOTEPINGO
MC2451,0,PDA. 4ª DE AVENIDA DEL PANTEÓN,DEL PANTEÓN,DE LA CANDELARIA,#N/A,XOTEPINGO,COYOACAN,SUR,19.32989024,-99.15038192,BARRIO SEGURO,CON BOTON,SIN ALTAVOZ,TOTEM,2,1,0,0,FIJA,TOTEMS,,,#N/A,COYOACAN,XOTEPINGO
MC2452,0,CDA. NAHUATLACAS,CORAS,NUEVA DIAZ ORDAZ,#N/A,XOTEPINGO,COYOACAN,SUR,19.32711878,-99.15099982,BARRIO SEGURO,CON BOTON,SIN ALTAVOZ,TOTEM,2,1,0,0,FIJA,TOTEMS,,,#N/A,COYOACAN,XOTEPINGO
MC2453,0,SANTA CRUZ,ENTRE DEL PANTEÓN Y LOS COLORINES,AMPLIACION CANDELARIA,#N/A,XOTEPINGO,COYOACAN,SUR,19.33013942,-99.14787653,BARRIO SEGURO,CON BOTON,SIN ALTAVOZ,TOTEM,2,1,0,0,FIJA,TOTEMS,,,#N/A,COYOACAN,XOTEPINGO
MC2454,0,CLAVEL,ENTRE LOS COLORINES Y PRIVADA CLAVEL ,AMPLIACION CANDELARIA,#N/A,XOTEPINGO,COYOACAN,SUR,19.32869807,-99.14656485,BARRIO SEGURO,CON BOTON,SIN ALTAVOZ,TOTEM,2,1,0,0,FIJA,TOTEMS,,,#N/A,COYOACAN,XOTEPINGO
MC2455,0,AV. DEL PANTEÓN,ENTRE CDA. DEL PANTEÓN Y CDA DEL LAGO,AMPLIACION CANDELARIA,#N/A,XOTEPINGO,COYOACAN,SUR,19.32860126,-99.15309727,BARRIO SEGURO,CON BOTON,SIN ALTAVOZ,TOTEM,2,1,0,0,FIJA,TOTEMS,,,#N/A,COYOACAN,XOTEPINGO
MC2456,0,HUAYAMILPAS,4A. CERRADA,AMPLIACION CANDELARIA,#N/A,XOTEPINGO,COYOACAN,SUR,19.327033,-99.148949,BARRIO SEGURO,CON BOTON,SIN ALTAVOZ,TOTEM,2,1,0,0,FIJA,TOTEMS,,,#N/A,COYOACAN,XOTEPINGO
MC2457,0,NAHUATLACAS,ENTRE CDA. NAHUATLACAS Y SAN LORENZO,AMPLIACION CANDELARIA,#N/A,XOTEPINGO,COYOACAN,SUR,19.32770387,-99.15123554,BARRIO SEGURO,CON BOTON,SIN ALTAVOZ,TOTEM,2,1,0,0,FIJA,TOTEMS,,,#N/A,COYOACAN,XOTEPINGO
MC2550,0,SATURNO,URUANO,MEDIA LUNA,#N/A,XOTEPINGO,COYOACAN,SUR,19.302077,-99.160108,BARRIO SEGURO,CON BOTON,SIN ALTAVOZ,TOTEM,2,1,0,0,FIJA,TOTEMS,,,#N/A,COYOACAN,XOTEPINGO
MC2551,0,COSCOMATE,GLORIETA IGLESIA,CANTIL DEL PEDREGAL,#N/A,XOTEPINGO,COYOACAN,SUR,19.299009,-99.157039,BARRIO SEGURO,CON BOTON,SIN ALTAVOZ,TOTEM,2,1,0,0,FIJA,TOTEMS,,,#N/A,COYOACAN,XOTEPINGO
MC2553,0,AV. DEL IMAN,CTO ESTADIO AZTECA Y CTO ESTADIO AZTECA,CANTIL DEL PEDREGAL,#N/A,XOTEPINGO,COYOACAN,SUR,19.30143,-99.156309,BARRIO SEGURO,CON BOTON,SIN ALTAVOZ,TOTEM,2,1,0,0,FIJA,TOTEMS,,,#N/A,COYOACAN,XOTEPINGO
MC2681,0,MUNICH 1972,ANILLO  PERIFERICO,OLIMPICA,#N/A,XOTEPINGO,COYOACAN,SUR,19.302486,-99.168381,BARRIO SEGURO,CON BOTON,SIN ALTAVOZ,TOTEM,2,1,0,0,FIJA,TOTEMS,,,#N/A,COYOACAN,XOTEPINGO
MC2693,0,AV DIVISION DEL  NORTE,CALIZ,EL RELOJ,#N/A,XOTEPINGO,COYOACAN,SUR,19.317886,-99.139163,CRUCES SEGURO,CON BOTON,SIN ALTAVOZ,TOTEM,2,1,0,0,FIJA,TOTEMS,,,#N/A,COYOACAN,XOTEPINGO
MC2714,0,CALZ. DE TLALPAN,TEXTITLAN Y AV. FRESNO,SANTA URSULA COAPA,#N/A,XOTEPINGO,COYOACAN,SUR,19.313563,-99.1405,CRUCES SEGURO,CON BOTON,SIN ALTAVOZ,TOTEM,2,1,0,0,FIJA,TOTEMS,,,#N/A,COYOACAN,XOTEPINGO
MC2739,0,AV. DEL IMAN,JECUALMES,EL CARACOL,#N/A,XOTEPINGO,COYOACAN,SUR,19.304562,-99.160386,BARRIO SEGURO,CON BOTON,SIN ALTAVOZ,TOTEM,2,1,0,0,FIJA,TOTEMS,,,#N/A,COYOACAN,XOTEPINGO
MC2740,0,COMOPORIS,CASI ESQ. TECUIXES,EL CARACOL,#N/A,XOTEPINGO,COYOACAN,SUR,19.304762,-99.162152,BARRIO SEGURO,CON BOTON,SIN ALTAVOZ,TOTEM,2,1,0,0,FIJA,TOTEMS,,,#N/A,COYOACAN,XOTEPINGO
MC2741,0,AV. DEL IMAN,APONECAS Y BASOPAS,EL CARACOL,#N/A,XOTEPINGO,COYOACAN,SUR,19.307203,-99.162945,BARRIO SEGURO,CON BOTON,SIN ALTAVOZ,TOTEM,2,1,0,0,FIJA,TOTEMS,,,#N/A,COYOACAN,XOTEPINGO
MC2742,0,BUTACARIS,JOJOLES Y PERIFERCO SUR,EL CARACOL,#N/A,XOTEPINGO,COYOACAN,SUR,19.302057,-99.162885,BARRIO SEGURO,CON BOTON,SIN ALTAVOZ,TOTEM,2,1,0,0,FIJA,TOTEMS,,,#N/A,COYOACAN,XOTEPINGO
MC2743,0,EUDEVAS,AV. DEL IMAN Y CTO. AZTECAS,EL CARACOL,#N/A,XOTEPINGO,COYOACAN,SUR,19.30316437,-99.16146956,BARRIO SEGURO,CON BOTON,SIN ALTAVOZ,TOTEM,2,1,0,0,FIJA,TOTEMS,,,#N/A,COYOACAN,XOTEPINGO
MC2744,0,EUDEVAS,TEAXOAPOLTECAS,EL CARACOL,#N/A,XOTEPINGO,COYOACAN,SUR,19.303993,-99.161281,BARRIO SEGURO,CON BOTON,SIN ALTAVOZ,TOTEM,2,1,0,0,FIJA,TOTEMS,,,#N/A,COYOACAN,XOTEPINGO
MC2745,0,SABAIBO,APONECAS,EL CARACOL,#N/A,XOTEPINGO,COYOACAN,SUR,19.305684,-99.163658,BARRIO SEGURO,CON BOTON,SIN ALTAVOZ,TOTEM,2,1,0,0,FIJA,TOTEMS,,,#N/A,COYOACAN,XOTEPINGO
MC2746,0,ANILLO PERIF. BLVD. ADOLFO LOPEZ MATEOS,CDA. XIXIMES,EL CARACOL,#N/A,XOTEPINGO,COYOACAN,SUR,19.301673,-99.16325,BARRIO SEGURO,CON BOTON,SIN ALTAVOZ,TOTEM,2,1,0,0,FIJA,TOTEMS,,,#N/A,COYOACAN,XOTEPINGO
MC2756,0,POPOCATEPETL,ITZCOATL,ADOLFO RUIZ CORTINEZ,#N/A,XOTEPINGO,COYOACAN,SUR,19.31777,-99.146608,BARRIO SEGURO,CON BOTON,SIN ALTAVOZ,TOTEM,2,1,0,0,FIJA,TOTEMS,,,#N/A,COYOACAN,XOTEPINGO
MC2757,0,CALIZ,ONCEAVA CDA. CALIZ,EL RELOJ,#N/A,XOTEPINGO,COYOACAN,SUR,19.319252,-99.143322,BARRIO SEGURO,CON BOTON,SIN ALTAVOZ,TOTEM,2,1,0,0,FIJA,TOTEMS,,,#N/A,COYOACAN,XOTEPINGO
MC2758,0,POLEN,ENTRE COROLA Y CÁLIZ,EL RELOJ,#N/A,XOTEPINGO,COYOACAN,SUR,19.31758981,-99.14025838,BARRIO SEGURO,CON BOTON,SIN ALTAVOZ,TOTEM,2,1,0,0,FIJA,TOTEMS,,,#N/A,COYOACAN,XOTEPINGO
MC2759,0,TALLO,COROLA,EL RELOJ,#N/A,XOTEPINGO,COYOACAN,SUR,19.31781,-99.142925,BARRIO SEGURO,CON BOTON,SIN ALTAVOZ,TOTEM,2,1,0,0,FIJA,TOTEMS,,,#N/A,COYOACAN,XOTEPINGO
MC2760,0,FRESNO,TEXTITLAN,PUEBLO DE SAN PABLO TEPETLAPA,#N/A,XOTEPINGO,COYOACAN,SUR,19.316237,-99.143529,BARRIO SEGURO,CON BOTON,SIN ALTAVOZ,TOTEM,2,1,0,0,FIJA,TOTEMS,,,#N/A,COYOACAN,XOTEPINGO
MC2761,0,OLMECA,HUITZILIPOCHTLI,PUEBLO DE SAN PABLO TEPETLAPA,#N/A,XOTEPINGO,COYOACAN,SUR,19.318949,-99.1457,BARRIO SEGURO,CON BOTON,SIN ALTAVOZ,TOTEM,2,1,0,0,FIJA,TOTEMS,,,#N/A,COYOACAN,XOTEPINGO
MC2762,0,DIEGO RIVERA,MUSEO,PUEBLO DE SAN PABLO TEPETLAPA,#N/A,XOTEPINGO,COYOACAN,SUR,19.320837,-99.143807,BARRIO SEGURO,CON BOTON,SIN ALTAVOZ,TOTEM,2,1,0,0,FIJA,TOTEMS,,,#N/A,COYOACAN,XOTEPINGO
MC2763,0,6A CDA DE CALIZ,CALIZ Y COROLA,EL RELOJ,#N/A,XOTEPINGO,COYOACAN,SUR,19.317906,-99.141654,BARRIO SEGURO,CON BOTON,SIN ALTAVOZ,TOTEM,2,1,0,0,FIJA,TOTEMS,,,#N/A,COYOACAN,XOTEPINGO
MC2818,0,AV. DEL IMAN,DEL CREPUSCULO,PEDREGAL DEL MAUREL,#N/A,XOTEPINGO,COYOACAN,SUR,19.3092824,-99.17566868,BARRIO SEGURO,CON BOTON,SIN ALTAVOZ,TOTEM,2,1,0,0,FIJA,TOTEMS,,,#N/A,COYOACAN,XOTEPINGO
MC2819,0,CIRCUITO ESTADIO AZTECA,SAN CÁSTULO,PEDREGAL DE SANTA URSULA,#N/A,XOTEPINGO,COYOACAN,SUR,19.30576946,-99.15255978,BARRIO SEGURO,CON BOTON,SIN ALTAVOZ,TOTEM,2,1,0,0,FIJA,TOTEMS,,,#N/A,COYOACAN,XOTEPINGO
MC2820,0,SAN ALEJANDRO,2DA CDA. DEL IMÁN,PEDREGAL DE SANTA URSULA,#N/A,XOTEPINGO,COYOACAN,SUR,19.30795061,-99.16040143,BARRIO SEGURO,CON BOTON,SIN ALTAVOZ,TOTEM,2,1,0,0,FIJA,TOTEMS,,,#N/A,COYOACAN,XOTEPINGO
MC2821,0,6TA CDA. DEL IMÁN,AV. DEL IMÁN,LA ZORRA EJIDO DE SANTA URSULA,#N/A,XOTEPINGO,COYOACAN,SUR,19.30681849,-99.16232593,BARRIO SEGURO,CON BOTON,SIN ALTAVOZ,TOTEM,2,1,0,0,FIJA,TOTEMS,,,#N/A,COYOACAN,XOTEPINGO
MC2822,0,1RA CDA. DEL IMÁN,2DA CDA. DEL IMÁN,LA ZORRA EJIDO DE SANTA URSULA,#N/A,XOTEPINGO,COYOACAN,SUR,19.305546,-99.159877,BARRIO SEGURO,CON BOTON,SIN ALTAVOZ,TOTEM,2,1,0,0,FIJA,TOTEMS,,,#N/A,COYOACAN,XOTEPINGO
MC2823,0,4TA CDA. DEL IMÁN,CALLE SIN NOMBRE,LA ZORRA EJIDO DE SANTA URSULA,#N/A,XOTEPINGO,COYOACAN,SUR,19.30709544,-99.16136328,BARRIO SEGURO,CON BOTON,SIN ALTAVOZ,TOTEM,2,1,0,0,FIJA,TOTEMS,,,#N/A,COYOACAN,XOTEPINGO
MC2824,0,CALZADA DE TLALPAN,AV. DEL IMÁN,BOSQUES DE TETLAMEYA,#N/A,XOTEPINGO,COYOACAN,SUR,19.29955825,-99.14998669,BARRIO SEGURO,CON BOTON,SIN ALTAVOZ,TOTEM,2,1,0,0,FIJA,TOTEMS,,,#N/A,COYOACAN,XOTEPINGO
MC2853,0,YAQUIS,CHONTALES,AJUSCO HUAYAMILPAS,#N/A,XOTEPINGO,COYOACAN,SUR,19.321837,-99.151539,BARRIO SEGURO,CON BOTON,SIN ALTAVOZ,TOTEM,2,1,0,0,FIJA,TOTEMS,,,#N/A,COYOACAN,XOTEPINGO
MC2854,0,REY TOPILTZIN,OTOMIES,AJUSCO,#N/A,XOTEPINGO,COYOACAN,SUR,19.320119,-99.155389,BARRIO SEGURO,CON BOTON,SIN ALTAVOZ,TOTEM,2,1,0,0,FIJA,TOTEMS,,,#N/A,COYOACAN,XOTEPINGO
MC2855,0,PROL MECONETZIN,NAYARITAS,AJUSCO HUAYAMILPAS,#N/A,XOTEPINGO,COYOACAN,SUR,19.320318,-99.15405,BARRIO SEGURO,CON BOTON,SIN ALTAVOZ,TOTEM,2,1,0,0,FIJA,TOTEMS,,,#N/A,COYOACAN,XOTEPINGO
MC2856,0,HUITZILOPOCHTLI,HUICHOLES,AJUSCO HUAYAMILPAS,#N/A,XOTEPINGO,COYOACAN,SUR,19.320838,-99.151842,BARRIO SEGURO,CON BOTON,SIN ALTAVOZ,TOTEM,2,1,0,0,FIJA,TOTEMS,,,#N/A,COYOACAN,XOTEPINGO
MC2857,0,REYNA LXTLIXOCHITL,OTOMIES,AJUSCO,#N/A,XOTEPINGO,COYOACAN,SUR,19.3218,-99.153975,BARRIO SEGURO,CON BOTON,SIN ALTAVOZ,TOTEM,2,1,0,0,FIJA,TOTEMS,,,#N/A,COYOACAN,XOTEPINGO
MC2858,0,HUITZILOPOCHTLI,ENTRE HUICHOLES Y LÁZARO CÁRDENAS,AJUSCO HUAYAMILPAS,#N/A,XOTEPINGO,COYOACAN,SUR,19.320826,-99.15165,BARRIO SEGURO,CON BOTON,SIN ALTAVOZ,TOTEM,2,1,0,0,FIJA,TOTEMS,,,#N/A,COYOACAN,XOTEPINGO
MC2859,0,REY TOPILTZIN,CORAS,AJUSCO,#N/A,XOTEPINGO,COYOACAN,SUR,19.3207109,-99.1559648,BARRIO SEGURO,CON BOTON,SIN ALTAVOZ,TOTEM,2,1,0,0,FIJA,TOTEMS,,,#N/A,COYOACAN,XOTEPINGO
MC2860,0,NAHUAYOTZIN,IZTACCIHUATL,ADOLFO RUIZ CORTINEZ,#N/A,XOTEPINGO,COYOACAN,SUR,19.31925787,-99.15500165,BARRIO SEGURO,CON BOTON,SIN ALTAVOZ,TOTEM,2,1,0,0,FIJA,TOTEMS,,,#N/A,COYOACAN,XOTEPINGO
MC2861,0,REY NEZAHUALCÓYOTL,TARASCOS,AJUSCO HUAYAMILPAS,#N/A,XOTEPINGO,COYOACAN,SUR,19.322688,-99.15137,BARRIO SEGURO,CON BOTON,SIN ALTAVOZ,TOTEM,2,1,0,0,FIJA,TOTEMS,,,#N/A,COYOACAN,XOTEPINGO
MC2862,0,HUITZILOPOCHTLI,GUADALUPE VICTORIA,AJUSCO HUAYAMILPAS,#N/A,XOTEPINGO,COYOACAN,SUR,19.320352,-99.150687,BARRIO SEGURO,CON BOTON,SIN ALTAVOZ,TOTEM,2,1,0,0,FIJA,TOTEMS,,,#N/A,COYOACAN,XOTEPINGO
MC2863,0,PRIVADA TEOZINTLE,TEOZINTLI,AJUSCO HUAYAMILPAS,#N/A,XOTEPINGO,COYOACAN,SUR,19.321621,-99.149862,BARRIO SEGURO,CON BOTON,SIN ALTAVOZ,TOTEM,2,1,0,0,FIJA,TOTEMS,,,#N/A,COYOACAN,XOTEPINGO
MC2864,0,IZTACCIHUATL,TEPONAXTLI,ADOLFO RUIZ CORTINEZ,#N/A,XOTEPINGO,COYOACAN,SUR,19.319058,-99.155785,BARRIO SEGURO,CON BOTON,SIN ALTAVOZ,TOTEM,2,1,0,0,FIJA,TOTEMS,,,#N/A,COYOACAN,XOTEPINGO
MC2865,0,REYNA IXTLIXOCHITL,NAYARITAS,AJUSCO HUAYAMILPAS,#N/A,XOTEPINGO,COYOACAN,SUR,19.321297,-99.153349,CRUCES SEGURO,CON BOTON,SIN ALTAVOZ,TOTEM,2,1,0,0,FIJA,TOTEMS,,,#N/A,COYOACAN,XOTEPINGO
MC2866,0,TARASCOS,XOQUITZIN,AJUSCO HUAYAMILPAS,#N/A,XOTEPINGO,COYOACAN,SUR,19.32004007,-99.15334452,CRUCES SEGURO,CON BOTON,SIN ALTAVOZ,TOTEM,2,1,0,0,FIJA,TOTEMS,,,#N/A,COYOACAN,XOTEPINGO
MC2867,0,HUITZILOPOCHTLI,LAZARO CARDENAS,AJUSCO HUAYAMILPAS,#N/A,XOTEPINGO,COYOACAN,SUR,19.3206778,-99.1514567,CRUCES SEGURO,CON BOTON,SIN ALTAVOZ,TOTEM,2,1,0,0,FIJA,TOTEMS,,,#N/A,COYOACAN,XOTEPINGO
MC2911,0,PRIVADA MONSERRAT,MONSERRAT,DE LA CANDELARIA,#N/A,XOTEPINGO,COYOACAN,SUR,19.33234972,-99.15154628,BARRIO SEGURO,CON BOTON,SIN ALTAVOZ,TOTEM,2,1,0,0,FIJA,TOTEMS,,,#N/A,COYOACAN,XOTEPINGO
MC2912,0,MONSERRAT,CALLE TEPEXPAN,DE LA CANDELARIA,#N/A,XOTEPINGO,COYOACAN,SUR,19.332195,-99.1504,BARRIO SEGURO,CON BOTON,SIN ALTAVOZ,TOTEM,2,1,0,0,FIJA,TOTEMS,,,#N/A,COYOACAN,XOTEPINGO
MC2913,0,EMILIANO ZAPATA,GLORIA,DE LA CANDELARIA,#N/A,XOTEPINGO,COYOACAN,SUR,19.333364,-99.147509,BARRIO SEGURO,CON BOTON,SIN ALTAVOZ,TOTEM,2,1,0,0,FIJA,TOTEMS,,,#N/A,COYOACAN,XOTEPINGO
MC2914,0,CERRITO,CJON. CERRITO,DE LA CANDELARIA,#N/A,XOTEPINGO,COYOACAN,SUR,19.33208,-99.148804,BARRIO SEGURO,CON BOTON,SIN ALTAVOZ,TOTEM,2,1,0,0,FIJA,TOTEMS,,,#N/A,COYOACAN,XOTEPINGO
MC2915,0,PRIMER RTNO. DE AV. DEL PANTEÓN,AV. DEL PANTEÓN,DE LA CANDELARIA,#N/A,XOTEPINGO,COYOACAN,SUR,19.329904,-99.1504,BARRIO SEGURO,CON BOTON,SIN ALTAVOZ,TOTEM,2,1,0,0,FIJA,TOTEMS,,,#N/A,COYOACAN,XOTEPINGO
MC2916,0,CJON. DEL OLIVO,GLORIA,DE LA CANDELARIA,#N/A,XOTEPINGO,COYOACAN,SUR,19.333006,-99.1492,BARRIO SEGURO,CON BOTON,SIN ALTAVOZ,TOTEM,2,1,0,0,FIJA,TOTEMS,,,#N/A,COYOACAN,XOTEPINGO
MC2917,0,FLORES,ENTRE CLAVEL Y PRIVADA LAS FLORES,DE LA CANDELARIA,#N/A,XOTEPINGO,COYOACAN,SUR,19.33032389,-99.14649914,BARRIO SEGURO,CON BOTON,SIN ALTAVOZ,TOTEM,2,1,0,0,FIJA,TOTEMS,,,#N/A,COYOACAN,XOTEPINGO
MC2918,0,CJON. ATENCO,CJON. NATENCO,DE LA CANDELARIA,#N/A,XOTEPINGO,COYOACAN,SUR,19.3339,-99.1499,BARRIO SEGURO,CON BOTON,SIN ALTAVOZ,TOTEM,2,1,0,0,FIJA,TOTEMS,,,#N/A,COYOACAN,XOTEPINGO
MC2949,0,AV. AZTECAS,ENTRE MONSERRAT Y REY MOCTEZUMA,DE LA CANDELARIA,#N/A,XOTEPINGO,COYOACAN,SUR,19.32950017,-99.15430115,BARRIO SEGURO,CON BOTON,SIN ALTAVOZ,TOTEM,2,1,0,0,FIJA,TOTEMS,,,#N/A,COYOACAN,XOTEPINGO
MC2955,0,EMILIANO ZAPATA,CERRITO,DE LA CANDELARIA,#N/A,XOTEPINGO,COYOACAN,SUR,19.33166604,-99.14784327,BARRIO SEGURO,CON BOTON,SIN ALTAVOZ,TOTEM,2,1,0,0,FIJA,TOTEMS,,,#N/A,COYOACAN,XOTEPINGO
MC2969,0,MARGARITA MAZA DE JUÁREZ,ENTRE AND. DA LAS CAMPANAS Y QUINTO CALLEJON HUAYAMILPA,NUEVA DIAZ ORDAZ,#N/A,XOTEPINGO,COYOACAN,SUR,19.3253118,-99.1476459,BARRIO SEGURO,CON BOTON,SIN ALTAVOZ,TOTEM,2,1,0,0,FIJA,TOTEMS,,,#N/A,COYOACAN,XOTEPINGO
MC2970,0,CALLE DE LAS CAMPANAS,J. J. DE LA GARZA,NUEVA DIAZ ORDAZ,#N/A,XOTEPINGO,COYOACAN,SUR,19.32592109,-99.14647484,BARRIO SEGURO,CON BOTON,SIN ALTAVOZ,TOTEM,2,1,0,0,FIJA,TOTEMS,,,#N/A,COYOACAN,XOTEPINGO
MC2971,0,BENEMERITO DE LAS AMERICAS,TEPETLAPA,NUEVA DIAZ ORDAZ,#N/A,XOTEPINGO,COYOACAN,SUR,19.324355,-99.147192,CRUCES SEGURO,CON BOTON,SIN ALTAVOZ,TOTEM,2,1,0,0,FIJA,TOTEMS,,,#N/A,COYOACAN,XOTEPINGO
MC2972,0,MEXICO 1968,ESTOCOLMO 1912,OLIMPICA,#N/A,XOTEPINGO,COYOACAN,SUR,19.306544,-99.170463,BARRIO SEGURO,CON BOTON,SIN ALTAVOZ,TOTEM,2,1,0,0,FIJA,TOTEMS,,,#N/A,COYOACAN,XOTEPINGO
MC2973,0,AMSTERDAM 1928,J.J. CLARK FLORES,OLIMPICA,#N/A,XOTEPINGO,COYOACAN,SUR,19.3042843,-99.17146948,BARRIO SEGURO,CON BOTON,SIN ALTAVOZ,TOTEM,2,1,0,0,FIJA,TOTEMS,,,#N/A,COYOACAN,XOTEPINGO
MC2974,0,INGLATERRA 1908,GRECIA 1896,OLIMPICA,#N/A,XOTEPINGO,COYOACAN,SUR,19.304444,-99.169928,BARRIO SEGURO,CON BOTON,SIN ALTAVOZ,TOTEM,2,1,0,0,FIJA,TOTEMS,,,#N/A,COYOACAN,XOTEPINGO
MC2975,0,GRECIA 1986,LOS ANGELES 1932,OLIMPICA,#N/A,XOTEPINGO,COYOACAN,SUR,19.30370169,-99.16903698,BARRIO SEGURO,CON BOTON,SIN ALTAVOZ,TOTEM,2,1,0,0,FIJA,TOTEMS,,,#N/A,COYOACAN,XOTEPINGO
MC2976,0,MEXICO 1968,ATENAS 1906,OLIMPICA,#N/A,XOTEPINGO,COYOACAN,SUR,19.30710145,-99.17077584,BARRIO SEGURO,CON BOTON,SIN ALTAVOZ,TOTEM,2,1,0,0,FIJA,TOTEMS,,,#N/A,COYOACAN,XOTEPINGO
MC2977,0,J J CLARK FLORES,AMSTERDAM 1928,OLIMPICA,#N/A,XOTEPINGO,COYOACAN,SUR,19.304241,-99.17134,BARRIO SEGURO,CON BOTON,SIN ALTAVOZ,TOTEM,2,1,0,0,FIJA,TOTEMS,,,#N/A,COYOACAN,XOTEPINGO
MC3027,0,AMSTERDAM 1928,AMBERES 1920,OLIMPICA,#N/A,XOTEPINGO,COYOACAN,SUR,19.30542217,-99.17209759,BARRIO SEGURO,CON BOTON,SIN ALTAVOZ,TOTEM,2,1,0,0,FIJA,TOTEMS,,,#N/A,COYOACAN,XOTEPINGO
MC3028,0,AV. DEL IMAN,CUAUHTEMOC,AJUSCO,#N/A,XOTEPINGO,COYOACAN,SUR,19.311969,-99.169495,UNIDAD HABITACIONAL,CON BOTON,SIN ALTAVOZ,TOTEM,2,1,0,0,FIJA,TOTEMS,,,#N/A,COYOACAN,XOTEPINGO
MC3029,0,RINCONADA DE LA FAUNA,AV. PANAMERICANA,VILLA PANAMERICANA,#N/A,XOTEPINGO,COYOACAN,SUR,19.304942,-99.1777,UNIDAD HABITACIONAL,CON BOTON,SIN ALTAVOZ,TOTEM,2,1,0,0,FIJA,TOTEMS,,,#N/A,COYOACAN,XOTEPINGO
MC3038,0,SAN RAUL,SAN BENITO,PEDREGAL DE SANTA URSULA,#N/A,XOTEPINGO,COYOACAN,SUR,19.31328399,-99.15134773,BARRIO SEGURO,CON BOTON,SIN ALTAVOZ,TOTEM,2,1,0,0,FIJA,TOTEMS,,,#N/A,COYOACAN,XOTEPINGO
MC3039,0,POPOCATEPETL,XOLOC,ADOLFO RUIZ CORTINEZ,#N/A,XOTEPINGO,COYOACAN,SUR,19.3178713,-99.1490161,BARRIO SEGURO,CON BOTON,SIN ALTAVOZ,TOTEM,2,1,0,0,FIJA,TOTEMS,,,#N/A,COYOACAN,XOTEPINGO
MC3040,0,CALLE SAN CELSO,SAN HERMILO,PEDREGAL DE SANTA URSULA,#N/A,XOTEPINGO,COYOACAN,SUR,19.3096367,-99.15008329,BARRIO SEGURO,CON BOTON,SIN ALTAVOZ,TOTEM,2,1,0,0,FIJA,TOTEMS,,,#N/A,COYOACAN,XOTEPINGO
MC3041,0,SAN RICARDO,SAN ALEJANDRO,PEDREGAL DE SANTA URSULA,#N/A,XOTEPINGO,COYOACAN,SUR,19.307158,-99.15792,BARRIO SEGURO,CON BOTON,SIN ALTAVOZ,TOTEM,2,1,0,0,FIJA,TOTEMS,,,#N/A,COYOACAN,XOTEPINGO
MC3042,0,SAN FELIPE,SAN LEON,PEDREGAL DE SANTA URSULA,#N/A,XOTEPINGO,COYOACAN,SUR,19.31530222,-99.1473606,BARRIO SEGURO,CON BOTON,SIN ALTAVOZ,TOTEM,2,1,0,0,FIJA,TOTEMS,,,#N/A,COYOACAN,XOTEPINGO
MC3043,0,SAN APOLINAR,SAN JULIO,PEDREGAL DE SANTA URSULA,#N/A,XOTEPINGO,COYOACAN,SUR,19.3068464,-99.14949906,BARRIO SEGURO,CON BOTON,SIN ALTAVOZ,TOTEM,2,1,0,0,FIJA,TOTEMS,,,#N/A,COYOACAN,XOTEPINGO
MC3044,0,SAN ALBERTO,SAN ISAURO,PEDREGAL DE SANTA URSULA,#N/A,XOTEPINGO,COYOACAN,SUR,19.31589042,-99.15415016,BARRIO SEGURO,CON BOTON,SIN ALTAVOZ,TOTEM,2,1,0,0,FIJA,TOTEMS,,,#N/A,COYOACAN,XOTEPINGO
MC3045,0,SAN FAUSTINO,SAN JORGE,PEDREGAL DE SANTA URSULA,#N/A,XOTEPINGO,COYOACAN,SUR,19.30986928,-99.16173347,BARRIO SEGURO,CON BOTON,SIN ALTAVOZ,TOTEM,2,1,0,0,FIJA,TOTEMS,,,#N/A,COYOACAN,XOTEPINGO
MC3046,0,SAN LEON,ENTRE SAN JORGE Y AV. SANTA URSULA,PEDREGAL DE SANTA URSULA,#N/A,XOTEPINGO,COYOACAN,SUR,19.30656131,-99.15047722,BARRIO SEGURO,CON BOTON,SIN ALTAVOZ,TOTEM,2,1,0,0,FIJA,TOTEMS,,,#N/A,COYOACAN,XOTEPINGO
MC3047,0,SAN LEON,SAN ANTONIO,PEDREGAL DE SANTA URSULA,#N/A,XOTEPINGO,COYOACAN,SUR,19.31690787,-99.14683831,BARRIO SEGURO,CON BOTON,SIN ALTAVOZ,TOTEM,2,1,0,0,FIJA,TOTEMS,,,#N/A,COYOACAN,XOTEPINGO
MC3048,0,TECACALO,POPOCATEPETL,PEDREGAL DE SANTA URSULA,#N/A,XOTEPINGO,COYOACAN,SUR,19.3176413,-99.14778659,BARRIO SEGURO,CON BOTON,SIN ALTAVOZ,TOTEM,2,1,0,0,FIJA,TOTEMS,,,#N/A,COYOACAN,XOTEPINGO
MC3049,0,SAN ELEUTERIO,SAN ALEJANDRO,PEDREGAL DE SANTA URSULA,#N/A,XOTEPINGO,COYOACAN,SUR,19.30812957,-99.16109996,BARRIO SEGURO,CON BOTON,SIN ALTAVOZ,TOTEM,2,1,0,0,FIJA,TOTEMS,,,#N/A,COYOACAN,XOTEPINGO
MC3050,0,SAN ALEJANDRO,SAN MACARIO,PEDREGAL DE SANTA URSULA,#N/A,XOTEPINGO,COYOACAN,SUR,19.3059406,-99.15449597,BARRIO SEGURO,CON BOTON,SIN ALTAVOZ,TOTEM,2,1,0,0,FIJA,TOTEMS,,,#N/A,COYOACAN,XOTEPINGO
MC3051,0,SAN MACARIO,SAN GONZALO,PEDREGAL DE SANTA URSULA,#N/A,XOTEPINGO,COYOACAN,SUR,19.311998,-99.15235,BARRIO SEGURO,CON BOTON,SIN ALTAVOZ,TOTEM,2,1,0,0,FIJA,TOTEMS,,,#N/A,COYOACAN,XOTEPINGO
MC3052,0,SAN JULIO,SAN ALEJANDRO,PEDREGAL DE SANTA URSULA,#N/A,XOTEPINGO,COYOACAN,SUR,19.3053274,-99.15029554,BARRIO SEGURO,CON BOTON,SIN ALTAVOZ,TOTEM,2,1,0,0,FIJA,TOTEMS,,,#N/A,COYOACAN,XOTEPINGO
MC3053,0,SANTA URSULA,SAN BENITO,PEDREGAL DE SANTA URSULA,#N/A,XOTEPINGO,COYOACAN,SUR,19.308993,-99.1528,BARRIO SEGURO,CON BOTON,SIN ALTAVOZ,TOTEM,2,1,0,0,FIJA,TOTEMS,,,#N/A,COYOACAN,XOTEPINGO
MC3054,0,SAN CASTULO,ENTRE SAN ALBERTO Y SAN FELIPE,PEDREGAL DE SANTA URSULA,#N/A,XOTEPINGO,COYOACAN,SUR,19.31481047,-99.14956263,BARRIO SEGURO,CON BOTON,SIN ALTAVOZ,TOTEM,2,1,0,0,FIJA,TOTEMS,,,#N/A,COYOACAN,XOTEPINGO
MC3055,0,POPOCATEPETL,TECPANCALTZIN,ADOLFO RUIZ CORTINEZ,#N/A,XOTEPINGO,COYOACAN,SUR,19.31663291,-99.15429682,BARRIO SEGURO,CON BOTON,SIN ALTAVOZ,TOTEM,2,1,0,0,FIJA,TOTEMS,,,#N/A,COYOACAN,XOTEPINGO
MC3056,0,SAN BENITO,ENTRE SAN ALEJANDRO Y SAN JORGE,PEDREGAL DE SANTA URSULA,#N/A,XOTEPINGO,COYOACAN,SUR,19.30637572,-99.1537202,BARRIO SEGURO,CON BOTON,SIN ALTAVOZ,TOTEM,2,1,0,0,FIJA,TOTEMS,,,#N/A,COYOACAN,XOTEPINGO
MC3057,0,AV. STA. URSULA,SAN LEON,PEDREGAL DE SANTA URSULA,#N/A,XOTEPINGO,COYOACAN,SUR,19.30804201,-99.14994797,BARRIO SEGURO,CON BOTON,SIN ALTAVOZ,TOTEM,2,1,0,0,FIJA,TOTEMS,,,#N/A,COYOACAN,XOTEPINGO
MC3058,0,SAN HERMILO,SAN CASTULO,PEDREGAL DE SANTA URSULA,#N/A,XOTEPINGO,COYOACAN,SUR,19.31003785,-99.15116548,BARRIO SEGURO,CON BOTON,SIN ALTAVOZ,TOTEM,2,1,0,0,FIJA,TOTEMS,,,#N/A,COYOACAN,XOTEPINGO
MC3059,0,SAN MATIAS,POPOCATEPETL,PEDREGAL DE SANTA URSULA,#N/A,XOTEPINGO,COYOACAN,SUR,19.31584609,-99.15581531,BARRIO SEGURO,CON BOTON,SIN ALTAVOZ,TOTEM,2,1,0,0,FIJA,TOTEMS,,,#N/A,COYOACAN,XOTEPINGO
MC3060,0,SAN ISAURO,BERTIN,PEDREGAL DE SANTA URSULA,#N/A,XOTEPINGO,COYOACAN,SUR,19.30896392,-99.15677947,BARRIO SEGURO,CON BOTON,SIN ALTAVOZ,TOTEM,2,1,0,0,FIJA,TOTEMS,,,#N/A,COYOACAN,XOTEPINGO
MC3061,0,SAN ALBERTO,SAN VICTORIO,PEDREGAL DE SANTA URSULA,#N/A,XOTEPINGO,COYOACAN,SUR,19.31537185,-99.15247805,BARRIO SEGURO,CON BOTON,SIN ALTAVOZ,TOTEM,2,1,0,0,FIJA,TOTEMS,,,#N/A,COYOACAN,XOTEPINGO
MC3062,0,SAN ISIDRO,SAN GONZALO,PEDREGAL DE SANTA URSULA,#N/A,XOTEPINGO,COYOACAN,SUR,19.310474,-99.147316,BARRIO SEGURO,CON BOTON,SIN ALTAVOZ,TOTEM,2,1,0,0,FIJA,TOTEMS,,,#N/A,COYOACAN,XOTEPINGO
MC3063,0,CALLE SAN JULIO,SAN HERMILLO,PEDREGAL DE SANTA URSULA,#N/A,XOTEPINGO,COYOACAN,SUR,19.30936845,-99.14885565,BARRIO SEGURO,CON BOTON,SIN ALTAVOZ,TOTEM,2,1,0,0,FIJA,TOTEMS,,,#N/A,COYOACAN,XOTEPINGO
MC3064,0,SAN ALBERTO,SAN PERFECTO,PEDREGAL DE SANTA URSULA,#N/A,XOTEPINGO,COYOACAN,SUR,19.31357443,-99.14680213,BARRIO SEGURO,CON BOTON,SIN ALTAVOZ,TOTEM,2,1,0,0,FIJA,TOTEMS,,,#N/A,COYOACAN,XOTEPINGO
MC3065,0,SAN PEDRO,SAN JORGE,PEDREGAL DE SANTA URSULA,#N/A,XOTEPINGO,COYOACAN,SUR,19.30898721,-99.15890694,BARRIO SEGURO,CON BOTON,SIN ALTAVOZ,TOTEM,2,1,0,0,FIJA,TOTEMS,,,#N/A,COYOACAN,XOTEPINGO
MC3066,0,SAN RAUL,SAN FEDERICO,PEDREGAL DE SANTA URSULA,#N/A,XOTEPINGO,COYOACAN,SUR,19.31426373,-99.15412398,BARRIO SEGURO,CON BOTON,SIN ALTAVOZ,TOTEM,2,1,0,0,FIJA,TOTEMS,,,#N/A,COYOACAN,XOTEPINGO
MC3067,0,SAN BENITO,SAN HERMILIO,PEDREGAL DE SANTA URSULA,#N/A,XOTEPINGO,COYOACAN,SUR,19.31045107,-99.15233375,BARRIO SEGURO,CON BOTON,SIN ALTAVOZ,TOTEM,2,1,0,0,FIJA,TOTEMS,,,#N/A,COYOACAN,XOTEPINGO
MC3068,0,SAN PASCASIO,SAN GONZALO,PEDREGAL DE SANTA URSULA,#N/A,XOTEPINGO,COYOACAN,SUR,19.31376817,-99.15775932,BARRIO SEGURO,CON BOTON,SIN ALTAVOZ,TOTEM,2,1,0,0,FIJA,TOTEMS,,,#N/A,COYOACAN,XOTEPINGO
MC3069,0,AV. SANTA URSULA,ENTRE SAN CELSO Y SAN LEON,PEDREGAL DE SANTA URSULA,#N/A,XOTEPINGO,COYOACAN,SUR,19.30822519,-99.15038715,BARRIO SEGURO,CON BOTON,SIN ALTAVOZ,TOTEM,2,1,0,0,FIJA,TOTEMS,,,#N/A,COYOACAN,XOTEPINGO
MC3070,0,SAN GONZALO,SAN EMETERIO,PEDREGAL DE SANTA URSULA,#N/A,XOTEPINGO,COYOACAN,SUR,19.31260811,-99.15411537,BARRIO SEGURO,CON BOTON,SIN ALTAVOZ,TOTEM,2,1,0,0,FIJA,TOTEMS,,,#N/A,COYOACAN,XOTEPINGO
MC3071,0,SAN PASCASIO,SAN GONZALO Y SAN RAUL (POPOCATEPETL),PEDREGAL DE SANTA URSULA,#N/A,XOTEPINGO,COYOACAN,SUR,19.3147709,-99.15742235,BARRIO SEGURO,CON BOTON,SIN ALTAVOZ,TOTEM,2,1,0,0,FIJA,TOTEMS,,,#N/A,COYOACAN,XOTEPINGO
MC3072,0,SAN FELIPE,SAN JULIO,PEDREGAL DE SANTA URSULA,#N/A,XOTEPINGO,COYOACAN,SUR,19.3151767,-99.14682167,BARRIO SEGURO,CON BOTON,SIN ALTAVOZ,TOTEM,2,1,0,0,FIJA,TOTEMS,,,#N/A,COYOACAN,XOTEPINGO
MC3073,0,2A. PRIVADA MIGUEL HIDALGO,2A. PRIVADA MIGUEL HIDALGO,SANTA URSULA COAPA,#N/A,XOTEPINGO,COYOACAN,SUR,19.30919573,-99.14694787,BARRIO SEGURO,CON BOTON,SIN ALTAVOZ,TOTEM,2,1,0,0,FIJA,TOTEMS,,,#N/A,COYOACAN,XOTEPINGO
MC3074,0,SAN GUILLERMO,SAN ALEJANDRO,AJUSCO,#N/A,XOTEPINGO,COYOACAN,SUR,19.30884789,-99.16337678,BARRIO SEGURO,CON BOTON,SIN ALTAVOZ,TOTEM,2,1,0,0,FIJA,TOTEMS,,,#N/A,COYOACAN,XOTEPINGO
MC3075,0,SAN FELIPE,SAN BENITO,PEDREGAL DE SANTA URSULA,#N/A,XOTEPINGO,COYOACAN,SUR,19.31628485,-99.15034777,BARRIO SEGURO,CON BOTON,SIN ALTAVOZ,TOTEM,2,1,0,0,FIJA,TOTEMS,,,#N/A,COYOACAN,XOTEPINGO
MC3076,0,SAN JULIO,SAN ALBERTO,PEDREGAL DE SANTA URSULA,#N/A,XOTEPINGO,COYOACAN,SUR,19.313672,-99.147335,BARRIO SEGURO,CON BOTON,SIN ALTAVOZ,TOTEM,2,1,0,0,FIJA,TOTEMS,,,#N/A,COYOACAN,XOTEPINGO
MC3077,0,SAN CELSO,AV. STA URSULA,PEDREGAL DE SANTA URSULA,#N/A,XOTEPINGO,COYOACAN,SUR,19.308375,-99.150465,BARRIO SEGURO,CON BOTON,SIN ALTAVOZ,TOTEM,2,1,0,0,FIJA,TOTEMS,,,#N/A,COYOACAN,XOTEPINGO
MC3078,0,SAN RAÚ,SAN MACARIO,PEDREGAL DE SANTA URSULA,#N/A,XOTEPINGO,COYOACAN,SUR,19.31345284,-99.15192,BARRIO SEGURO,CON BOTON,SIN ALTAVOZ,TOTEM,2,1,0,0,FIJA,TOTEMS,,,#N/A,COYOACAN,XOTEPINGO
MC3079,0,SAN APOLINAR,SAN JULIO,PEDREGAL DE SANTA URSULA,#N/A,XOTEPINGO,COYOACAN,SUR,19.30696142,-99.14971474,BARRIO SEGURO,CON BOTON,SIN ALTAVOZ,TOTEM,2,1,0,0,FIJA,TOTEMS,,,#N/A,COYOACAN,XOTEPINGO
MC3080,0,SAN ALEJANDRO,STO. TOMÁS,PEDREGAL DE SANTA URSULA,#N/A,XOTEPINGO,COYOACAN,SUR,19.306152,-99.155222,BARRIO SEGURO,CON BOTON,SIN ALTAVOZ,TOTEM,2,1,0,0,FIJA,TOTEMS,,,#N/A,COYOACAN,XOTEPINGO
MC3081,0,SAN JORGE,SAN PASCACIO,PEDREGAL DE SANTA URSULA,#N/A,XOTEPINGO,COYOACAN,SUR,19.30915278,-99.15941831,BARRIO SEGURO,CON BOTON,SIN ALTAVOZ,TOTEM,2,1,0,0,FIJA,TOTEMS,,,#N/A,COYOACAN,XOTEPINGO
MC3082,0,SAN GABRIEL,SAN ALBERTO,PEDREGAL DE SANTA URSULA,#N/A,XOTEPINGO,COYOACAN,SUR,19.31486252,-99.15010045,BARRIO SEGURO,CON BOTON,SIN ALTAVOZ,TOTEM,2,1,0,0,FIJA,TOTEMS,,,#N/A,COYOACAN,XOTEPINGO
MC3083,0,SAN JORGE,SAN VALENTIN,PEDREGAL DE SANTA URSULA,#N/A,XOTEPINGO,COYOACAN,SUR,19.31006279,-99.16234713,BARRIO SEGURO,CON BOTON,SIN ALTAVOZ,TOTEM,2,1,0,0,FIJA,TOTEMS,,,#N/A,COYOACAN,XOTEPINGO
MC3084,0,SAN PERFECTO,SAN GONZALO,PEDREGAL DE SANTA URSULA,#N/A,XOTEPINGO,COYOACAN,SUR,19.3105955,-99.147795,BARRIO SEGURO,CON BOTON,SIN ALTAVOZ,TOTEM,2,1,0,0,FIJA,TOTEMS,,,#N/A,COYOACAN,XOTEPINGO
MC3085,0,SAN ALBERTO,SAN RICARDO,PEDREGAL DE SANTA URSULA,#N/A,XOTEPINGO,COYOACAN,SUR,19.31618551,-99.15467071,BARRIO SEGURO,CON BOTON,SIN ALTAVOZ,TOTEM,2,1,0,0,FIJA,TOTEMS,,,#N/A,COYOACAN,XOTEPINGO
MC3086,0,SAN VICTORIO,SAN ALBERTO,PEDREGAL DE SANTA URSULA,#N/A,XOTEPINGO,COYOACAN,SUR,19.3153726,-99.1524937,BARRIO SEGURO,CON BOTON,SIN ALTAVOZ,TOTEM,2,1,0,0,FIJA,TOTEMS,,,#N/A,COYOACAN,XOTEPINGO
MC3087,0,SAN ALBERTO,SAN CELSO,PEDREGAL DE SANTA URSULA,#N/A,XOTEPINGO,COYOACAN,SUR,19.31422635,-99.14860648,BARRIO SEGURO,CON BOTON,SIN ALTAVOZ,TOTEM,2,1,0,0,FIJA,TOTEMS,,,#N/A,COYOACAN,XOTEPINGO
MC3100,0,SAN GONZALO,SAN BENITO,PEDREGAL DE SANTA URSULA,#N/A,XOTEPINGO,COYOACAN,SUR,19.31185335,-99.15186303,BARRIO SEGURO,CON BOTON,SIN ALTAVOZ,TOTEM,2,1,0,0,FIJA,TOTEMS,,,#N/A,COYOACAN,XOTEPINGO
MC3159,0,ZAPOTECAS,NEZAHUALPILLI Y REY PAPATZIN,AJUSCO,#N/A,XOTEPINGO,COYOACAN,SUR,19.315984,-99.167755,BARRIO SEGURO,CON BOTON,SIN ALTAVOZ,TOTEM,2,1,0,0,FIJA,TOTEMS,,,#N/A,COYOACAN,XOTEPINGO
MC3251,0,CALMECAC,XOLOC,ADOLFO RUIZ CORTINEZ,#N/A,XOTEPINGO,COYOACAN,SUR,19.32127935,-99.14790239,CRUCES SEGURO,CON BOTON,SIN ALTAVOZ,TOTEM,2,1,0,0,FIJA,TOTEMS,,,#N/A,COYOACAN,XOTEPINGO
MC3331,0,AV. DIVISION DEL NORTE,OCELOTL,PUEBLO DE SAN PABLO TEPETLAPA,#N/A,XOTEPINGO,COYOACAN,SUR,19.325861,-99.140444,BARRIO SEGURO,CON BOTON,SIN ALTAVOZ,TOTEM,2,1,0,0,FIJA,TOTEMS,,,#N/A,COYOACAN,XOTEPINGO
MC3332,0,HIDALGO,EMILIANO ZAPATA,PUEBLO DE SAN PABLO TEPETLAPA,#N/A,XOTEPINGO,COYOACAN,SUR,19.32337956,-99.14080241,BARRIO SEGURO,CON BOTON,SIN ALTAVOZ,TOTEM,2,1,0,0,FIJA,TOTEMS,,,#N/A,COYOACAN,XOTEPINGO
MC3333,0,CALZ DE TLALPAN,AV. DIVISION DEL NORTE,PUEBLO DE SAN PABLO TEPETLAPA,#N/A,XOTEPINGO,COYOACAN,SUR,19.31967552,-99.13866066,BARRIO SEGURO,CON BOTON,SIN ALTAVOZ,TOTEM,2,1,0,0,FIJA,TOTEMS,,,#N/A,COYOACAN,XOTEPINGO
MC3334,0,ILHUICAMINA,HIDALGO,PUEBLO DE SAN PABLO TEPETLAPA,#N/A,XOTEPINGO,COYOACAN,SUR,19.32383275,-99.14240236,BARRIO SEGURO,CON BOTON,SIN ALTAVOZ,TOTEM,2,1,0,0,FIJA,TOTEMS,,,#N/A,COYOACAN,XOTEPINGO
MC3335,0,AV. DIVISION DEL NORTE,CONAHUAC,PUEBLO DE SAN PABLO TEPETLAPA,#N/A,XOTEPINGO,COYOACAN,SUR,19.32345949,-99.13944091,BARRIO SEGURO,CON BOTON,SIN ALTAVOZ,TOTEM,2,1,0,0,FIJA,TOTEMS,,,#N/A,COYOACAN,XOTEPINGO
MC3336,0,BENITO JUAREZ,CUAUHTEMOC,PUEBLO DE SAN PABLO TEPETLAPA,#N/A,XOTEPINGO,COYOACAN,SUR,19.32213047,-99.14145711,BARRIO SEGURO,CON BOTON,SIN ALTAVOZ,TOTEM,2,1,0,0,FIJA,TOTEMS,,,#N/A,COYOACAN,XOTEPINGO
MC3337,0,NACAHUITL,ENTRE CUAUHTEMOC Y BENITO JUAREZ,PUEBLO DE SAN PABLO TEPETLAPA,#N/A,XOTEPINGO,COYOACAN,SUR,19.32200607,-99.14038907,BARRIO SEGURO,CON BOTON,SIN ALTAVOZ,TOTEM,2,1,0,0,FIJA,TOTEMS,,,#N/A,COYOACAN,XOTEPINGO
MC3369,0,TLALMANCO,BUENAVISTA,SANTA URSULA COAPA,#N/A,XOTEPINGO,COYOACAN,SUR,19.305756,-99.145738,BARRIO SEGURO,CON BOTON,SIN ALTAVOZ,TOTEM,2,1,0,0,FIJA,TOTEMS,,,#N/A,COYOACAN,XOTEPINGO
MC3371,0,CALZ. DE TLALPAN,ENTRE FRESNO Y TEXTITLAN,SANTA URSULA COAPA,#N/A,XOTEPINGO,COYOACAN,SUR,19.313973,-99.140369,BARRIO SEGURO,CON BOTON,SIN ALTAVOZ,TOTEM,2,1,0,0,FIJA,TOTEMS,,,#N/A,COYOACAN,XOTEPINGO
MC3372,0,HIDALGO,ABASOLO,SANTA URSULA COAPA,#N/A,XOTEPINGO,COYOACAN,SUR,19.3079883,-99.14450615,BARRIO SEGURO,CON BOTON,SIN ALTAVOZ,TOTEM,2,1,0,0,FIJA,TOTEMS,,,#N/A,COYOACAN,XOTEPINGO
MC3373,0,PRIVADA ESFUERZO,CALLEJON SIN NOMBRE,SANTA URSULA COAPA,#N/A,XOTEPINGO,COYOACAN,SUR,19.31225001,-99.14430339,BARRIO SEGURO,CON BOTON,SIN ALTAVOZ,TOTEM,2,1,0,0,FIJA,TOTEMS,,,#N/A,COYOACAN,XOTEPINGO
MC3374,0,CJON. ESFUERZO,ALLENDE,SANTA URSULA COAPA,#N/A,XOTEPINGO,COYOACAN,SUR,19.31106443,-99.14229719,BARRIO SEGURO,CON BOTON,SIN ALTAVOZ,TOTEM,2,1,0,0,FIJA,TOTEMS,,,#N/A,COYOACAN,XOTEPINGO
MC3375,0,TEXTITLAN,TLAPACOYA,SANTA URSULA COAPA,#N/A,XOTEPINGO,COYOACAN,SUR,19.31361582,-99.14291309,BARRIO SEGURO,CON BOTON,SIN ALTAVOZ,TOTEM,2,1,0,0,FIJA,TOTEMS,,,#N/A,COYOACAN,XOTEPINGO
MC3376,0,HIDALGO,ABASOLO,SANTA URSULA COAPA,#N/A,XOTEPINGO,COYOACAN,SUR,19.30798755,-99.14449702,BARRIO SEGURO,CON BOTON,SIN ALTAVOZ,TOTEM,2,1,0,0,FIJA,TOTEMS,,,#N/A,COYOACAN,XOTEPINGO
MC3377,0,CALZADA DE TLALPAN,ESFUERZO,EX HACIENDA COAPA,#N/A,XOTEPINGO,COYOACAN,SUR,19.31077182,-99.14142827,BARRIO SEGURO,CON BOTON,SIN ALTAVOZ,TOTEM,2,1,0,0,FIJA,TOTEMS,,,#N/A,COYOACAN,XOTEPINGO
MC3378,0,ESFUERZO,CALLEJON ESFUERZO,SANTA URSULA COAPA,#N/A,XOTEPINGO,COYOACAN,SUR,19.311304,-99.142719,BARRIO SEGURO,CON BOTON,SIN ALTAVOZ,TOTEM,2,1,0,0,FIJA,TOTEMS,,,#N/A,COYOACAN,XOTEPINGO
MC3379,0,JOSIJOPIL,CJON. ESFUERZO Y 2 DE DICIEMBRE,SANTA URSULA COAPA,#N/A,XOTEPINGO,COYOACAN,SUR,19.31110688,-99.14377225,BARRIO SEGURO,CON BOTON,SIN ALTAVOZ,TOTEM,2,1,0,0,FIJA,TOTEMS,,,#N/A,COYOACAN,XOTEPINGO
MC3380,0,JOSÉ MARÍA MORELOS,ENTRE SEGUNDA PRIVADA HIDALGO Y SAN GONZALO,SANTA URSULA COAPA,#N/A,XOTEPINGO,COYOACAN,SUR,19.309573,-99.145273,BARRIO SEGURO,CON BOTON,SIN ALTAVOZ,TOTEM,2,1,0,0,FIJA,TOTEMS,,,#N/A,COYOACAN,XOTEPINGO
MC3381,0,CALZADA DE TLALPAN,HIDALGO,SANTA URSULA COAPA,#N/A,XOTEPINGO,COYOACAN,SUR,19.30740999,-99.14326351,BARRIO SEGURO,CON BOTON,SIN ALTAVOZ,TOTEM,2,1,0,0,FIJA,TOTEMS,,,#N/A,COYOACAN,XOTEPINGO
MC3382,0,PRIVADA ESFUERZO,CJON. ESFUERZO,SANTA URSULA COAPA,#N/A,XOTEPINGO,COYOACAN,SUR,19.31072817,-99.14202846,BARRIO SEGURO,CON BOTON,SIN ALTAVOZ,TOTEM,2,1,0,0,FIJA,TOTEMS,,,#N/A,COYOACAN,XOTEPINGO
MC3383,0,HIDALGO,1RA PRIV. HIDALGO Y 2RA PRIV. HIDALGO,SANTA URSULA COAPA,#N/A,XOTEPINGO,COYOACAN,SUR,19.308348,-99.145943,BARRIO SEGURO,CON BOTON,SIN ALTAVOZ,TOTEM,2,1,0,0,FIJA,TOTEMS,,,#N/A,COYOACAN,XOTEPINGO
MC3384,0,BUENAVISTA,ENTRE LA FLORES Y BUENAVISTA,SANTA URSULA COAPA,#N/A,XOTEPINGO,COYOACAN,SUR,19.30660594,-99.14724233,BARRIO SEGURO,CON BOTON,SIN ALTAVOZ,TOTEM,2,1,0,0,FIJA,TOTEMS,,,#N/A,COYOACAN,XOTEPINGO
MC3385,0,ABASOLO 13-35,HIDALGO,SANTA URSULA COAPA,#N/A,XOTEPINGO,COYOACAN,SUR,19.306965,-99.145265,BARRIO SEGURO,CON BOTON,SIN ALTAVOZ,TOTEM,2,1,0,0,FIJA,TOTEMS,,,#N/A,COYOACAN,XOTEPINGO
MC3386,0,TEOTONGO,TLALMANALCO,SANTA URSULA COAPA,#N/A,XOTEPINGO,COYOACAN,SUR,19.30438943,-99.14714861,BARRIO SEGURO,CON BOTON,SIN ALTAVOZ,TOTEM,2,1,0,0,FIJA,TOTEMS,,,#N/A,COYOACAN,XOTEPINGO
MC3387,0,HIGUERA,HIGUERA,SANTA URSULA COAPA,#N/A,XOTEPINGO,COYOACAN,SUR,19.31451266,-99.14286646,BARRIO SEGURO,CON BOTON,SIN ALTAVOZ,TOTEM,2,1,0,0,FIJA,TOTEMS,,,#N/A,COYOACAN,XOTEPINGO
MC3388,0,2 DE DICIEMBRE,JOSE MARIA MORELOS,SANTA URSULA COAPA,#N/A,XOTEPINGO,COYOACAN,SUR,19.310427,-99.1452,BARRIO SEGURO,CON BOTON,SIN ALTAVOZ,TOTEM,2,1,0,0,FIJA,TOTEMS,,,#N/A,COYOACAN,XOTEPINGO
MC3389,0,1RA. PRIVADA BENITO JUÁREZ,JUAREZ,SANTA URSULA COAPA,#N/A,XOTEPINGO,COYOACAN,SUR,19.30976466,-99.14375963,BARRIO SEGURO,CON BOTON,SIN ALTAVOZ,TOTEM,2,1,0,0,FIJA,TOTEMS,,,#N/A,COYOACAN,XOTEPINGO
MC3391,0,2 DE DICIEMBRE,XOCHITL,SANTA URSULA COAPA,#N/A,XOTEPINGO,COYOACAN,SUR,19.310388,-99.144806,BARRIO SEGURO,CON BOTON,SIN ALTAVOZ,TOTEM,2,1,0,0,FIJA,TOTEMS,,,#N/A,COYOACAN,XOTEPINGO
MC3392,0,JUAREZ,2 DE DICIEMBRE,SANTA URSULA COAPA,#N/A,XOTEPINGO,COYOACAN,SUR,19.31061522,-99.14382186,BARRIO SEGURO,CON BOTON,SIN ALTAVOZ,TOTEM,2,1,0,0,FIJA,TOTEMS,,,#N/A,COYOACAN,XOTEPINGO
MC3393,0,LAS FLORES,CTO. ESTADIO AZTECA,PEDREGAL DE SANTA URSULA,#N/A,XOTEPINGO,COYOACAN,SUR,19.3045782,-99.14888388,BARRIO SEGURO,CON BOTON,SIN ALTAVOZ,TOTEM,2,1,0,0,FIJA,TOTEMS,,,#N/A,COYOACAN,XOTEPINGO
MC3399,0,AV DEL IMAN,AV DEL IMAN 550,PEDREGAL DE CARRASCO,#N/A,XOTEPINGO,COYOACAN,SUR,19.308446,-99.164498,BARRIO SEGURO,CON BOTON,SIN ALTAVOZ,TOTEM,2,1,0,0,FIJA,TOTEMS,,,#N/A,COYOACAN,XOTEPINGO
MC5459,0,REY TEPALCATZIN,ENTRE MIXTECAS Y CHICHIMECAS,AJUSCO,#N/A,XOTEPINGO,COYOACAN,SUR,19.319108,-99.160358,CRUCES SEGURO,CON BOTON,SIN ALTAVOZ,TOTEM,2,1,0,0,FIJA,TOTEMS,,,#N/A,COYOACAN,XOTEPINGO
MC12470,0,AV. RENATO LEDUC,APATLACO,BOSQUES DE TETLAMEYA,#N/A,XOTEPINGO,COYOACAN,SUR,19.29730842,-99.15499926,BARRIO SEGURO,CON BOTON,SIN ALTAVOZ,TOTEM,2,1,0,0,FIJA,TOTEMS,,,#N/A,COYOACAN,XOTEPINGO
MC14063,0,SAN PASCASIO,ENTRE SAN JORGE Y SAN ALEJANDRO,PEDREGAL DE SANTA URSULA,#N/A,XOTEPINGO,COYOACAN,SUR,19.30868296,-99.15957333,ESCUELA SEGURA,CON BOTON,SIN ALTAVOZ,TOTEM,2,1,0,0,FIJA,TOTEMS,,,#N/A,COYOACAN,XOTEPINGO
MC14214,0,3? CDA. HUAYAMILPAS,HUAYAMILPAS,AMPLIACION CANDELARIA,#N/A,XOTEPINGO,COYOACAN,SUR,19.32707592,-99.14952596,ESCUELA SEGURA,CON BOTON,SIN ALTAVOZ,TOTEM,2,1,0,0,FIJA,TOTEMS,,,#N/A,COYOACAN,XOTEPINGO
MC14219,0,TEPETLAPA,TEPETLAPA,ADOLFO RUIZ CORTINEZ,#N/A,XOTEPINGO,COYOACAN,SUR,19.3250438,-99.14626352,ESCUELA SEGURA,CON BOTON,SIN ALTAVOZ,TOTEM,2,1,0,0,FIJA,TOTEMS,,,#N/A,COYOACAN,XOTEPINGO
MC14220,0,AV. PANAMERICANA,ENTRE RINCONADA DE LOS RÍOS Y AV. PANAMERICANA,VILLA PANAMERICANA,#N/A,XOTEPINGO,COYOACAN,SUR,19.309695,-99.170178,ESCUELA SEGURA,CON BOTON,SIN ALTAVOZ,TOTEM,2,1,0,0,FIJA,TOTEMS,,,#N/A,COYOACAN,XOTEPINGO
MC14221,0,SAN RAÚL,ENTRE SAN BEJAMIN Y SAN LEON,PEDREGAL DE SANTA URSULA,#N/A,XOTEPINGO,COYOACAN,SUR,19.31258041,-99.14912687,ESCUELA SEGURA,CON BOTON,SIN ALTAVOZ,TOTEM,2,1,0,0,FIJA,TOTEMS,,,#N/A,COYOACAN,XOTEPINGO
MC14222,0,SAN EMETERIO,ENTRE SAN JORGE Y SAN ALEJANDRO,PEDREGAL DE SANTA URSULA,#N/A,XOTEPINGO,COYOACAN,SUR,19.30760208,-99.15583144,ESCUELA SEGURA,CON BOTON,SIN ALTAVOZ,TOTEM,2,1,0,0,FIJA,TOTEMS,,,#N/A,COYOACAN,XOTEPINGO
MC14231,0,TLAPACOYA,ESFUERZO,SANTA URSULA COAPA,#N/A,XOTEPINGO,COYOACAN,SUR,19.312039,-99.142901,ESCUELA SEGURA,CON BOTON,SIN ALTAVOZ,TOTEM,2,1,0,0,FIJA,TOTEMS,,,#N/A,COYOACAN,XOTEPINGO
MC14242,0,TECACALO,PEHUAME,ADOLFO RUIZ CORTINEZ,#N/A,XOTEPINGO,COYOACAN,SUR,19.32127681,-99.14672653,ESCUELA SEGURA,CON BOTON,SIN ALTAVOZ,TOTEM,2,1,0,0,FIJA,TOTEMS,,,#N/A,COYOACAN,XOTEPINGO
MC14243,0,PEHUAME,QUAUHNICOL,ADOLFO RUIZ CORTINEZ,#N/A,XOTEPINGO,COYOACAN,SUR,19.32127141,-99.14609434,ESCUELA SEGURA,CON BOTON,SIN ALTAVOZ,TOTEM,2,1,0,0,FIJA,TOTEMS,,,#N/A,COYOACAN,XOTEPINGO
MC14815,0,CIRCUITO ESTADIO AZTECA,EUDEVIAS,EL CARACOL,#N/A,XOTEPINGO,COYOACAN,SUR,19.30195672,-99.16164661,BARRIO SEGURO,CON BOTON,SIN ALTAVOZ,TOTEM,2,1,0,0,FIJA,TOTEMS,,,#N/A,COYOACAN,XOTEPINGO
MC14824,0,San Gabriel,San Alberto,PEDREGAL DE SANTA URSULA,#N/A,XOTEPINGO,COYOACAN,SUR,19.31421558,-99.15040427,BARRIO SEGURO,CON BOTON,SIN ALTAVOZ,TOTEM,2,1,0,0,FIJA,TOTEMS,,,#N/A,COYOACAN,XOTEPINGO
MC14828,0,Periferico Sur,ENTRE DEL SOL Y AV. PANAMERICANA,PEDREGAL DE CARRASCO,#N/A,XOTEPINGO,COYOACAN,SUR,19.30317157,-99.17410099,BARRIO SEGURO,CON BOTON,SIN ALTAVOZ,TOTEM,2,1,0,0,FIJA,TOTEMS,,,#N/A,COYOACAN,XOTEPINGO
MC17818,0,MEXICO 1968,AV DE LA LIVERTAD,VILLA PANAMERICANA,,XOTEPINGO,COYOACAN,SUR,19.306762,-99.170017,,CON BOTON,N/A,TOTEM_FASE2,2,1,0,0,FIJA,TOTEM_FASE2,44806,,,COYOACAN,XOTEPINGO
MC18824,0,AV PANAMERICANA,AV PANAMERICANA,VILLA PANAMERICANA,,XOTEPINGO,COYOACAN,SUR,19.306809,-99.176357,,CON BOTON,N/A,TOTEM_FASE2,2,1,0,0,FIJA,TOTEM_FASE2,44806,,,COYOACAN,XOTEPINGO
MC17835,0,RCDA DE LOS MORALES,MEXICO 1968,VILLA PANAMERICANA,,XOTEPINGO,COYOACAN,SUR,19.30704,-99.169434,,CON BOTON,N/A,TOTEM_FASE2,2,1,0,0,FIJA,TOTEM_FASE2,44806,,,COYOACAN,XOTEPINGO
MC18822,0,AV PANAMERICANA,MEXICO 1968,VILLA PANAMERICANA,,XOTEPINGO,COYOACAN,SUR,19.307763,-99.171463,,CON BOTON,N/A,TOTEM_FASE2,2,1,0,0,FIJA,TOTEM_FASE2,44806,,,COYOACAN,XOTEPINGO
MC18823,0,AV PANAMERICANA,AV PANAMERICANA,CENTRO URBANO,,XOTEPINGO,COYOACAN,SUR,19.306944,-99.174341,,CON BOTON,N/A,TOTEM_FASE2,2,1,0,0,FIJA,TOTEM_FASE2,44806,,,COYOACAN,XOTEPINGO
MC17833,0,AV PANAMERICANA,RCDA DE LAS TRIBUS,VISTAS DEL MAUREL,,XOTEPINGO,COYOACAN,SUR,19.306131,-99.173481,,CON BOTON,N/A,TOTEM_FASE2,2,1,0,0,FIJA,TOTEM_FASE2,44806,,,COYOACAN,XOTEPINGO
MC17817,0,AV DE IMAN,AV PANAMERICANA Y AV DE LA LIBERTAD,VILLA PANAMERICANA,,XOTEPINGO,COYOACAN,SUR,19.309006,-99.168166,,CON BOTON,N/A,TOTEM_FASE2,2,1,0,0,FIJA,TOTEM_FASE2,44806,,,COYOACAN,XOTEPINGO
MC17834,0,AV PANAMERICANA,RCDA DE LAS TRIBUS,VISTAS DEL MAUREL,,XOTEPINGO,COYOACAN,SUR,19.305363,-99.173541,,CON BOTON,N/A,TOTEM_FASE2,2,1,0,0,FIJA,TOTEM_FASE2,44806,,,COYOACAN,XOTEPINGO
MC17876,0,RCDA. PRECOLOMBINA,MEXICO 1968,VILLA PANAMERICANA,,XOTEPINGO,COYOACAN,SUR,19.303723,-99.166824,,CON BOTON,N/A,TOTEM_FASE2,2,1,0,0,FIJA,TOTEM_FASE2,44806,,,COYOACAN,XOTEPINGO
MC18999,0,C. HIDALGO,TLOLZIN,DE LA CANDELARIA,,XOTEPINGO,COYOACAN,SUR,19.324611,-99.14439865,,CON BOTON,N/A,TOTEM_FASE2,2,1,0,0,FIJA,TOTEM_FASE2,44928,,,COYOACAN,XOTEPINGO
MC17838,0,,,PEDREGAL DE CARRASCO,,XOTEPINGO,COYOACAN,SUR,19.303349,-99.175317,,CON BOTON,N/A,TOTEM_FASE2,2,1,0,0,FIJA,TOTEM_FASE2,44929,,,COYOACAN,XOTEPINGO
MC17854,0,,,PEDREGAL DE CARRASCO,,XOTEPINGO,COYOACAN,SUR,19.306876,-99.167575,,CON BOTON,N/A,TOTEM_FASE2,2,1,0,0,FIJA,TOTEM_FASE2,44929,,,COYOACAN,XOTEPINGO
MC17829,0,,,RINCONADA LAS PLAYAS INFONAVIT,,XOTEPINGO,COYOACAN,SUR,19.310253,-99.171104,,CON BOTON,N/A,TOTEM_FASE2,2,1,0,0,FIJA,TOTEM_FASE2,44930,,,COYOACAN,XOTEPINGO
MC17831,0,,,RINCONADA LAS PLAYAS INFONAVIT,,XOTEPINGO,COYOACAN,SUR,19.309678,-99.172917,,CON BOTON,N/A,TOTEM_FASE2,2,1,0,0,FIJA,TOTEM_FASE2,44930,,,COYOACAN,XOTEPINGO
MC17830,0,,,RINCONADA LAS PLAYAS INFONAVIT,,XOTEPINGO,COYOACAN,SUR,19.309492,-99.171833,,CON BOTON,N/A,TOTEM_FASE2,2,1,0,0,FIJA,TOTEM_FASE2,44930,,,COYOACAN,XOTEPINGO
MC17869,0,,,PEDREGAL DE SANTA URSULA,,XOTEPINGO,COYOACAN,SUR,19.309651,-99.147595,,CON BOTON,N/A,TOTEM_FASE2,2,1,0,0,FIJA,TOTEM_FASE2,44939,,,COYOACAN,XOTEPINGO
MC17110,0,,,PEDREGAL DEL MAUREL,,XOTEPINGO,COYOACAN,SUR,19.309121,-99.174285,,CON BOTON,N/A,TOTEM_FASE2,2,1,0,0,FIJA,TOTEM_FASE2,44939,,,COYOACAN,XOTEPINGO
3477,0,ANILLO PERIFERICO BLVD ADOLFO RUIZ CORTINES,ORIENTE 12,ISIDRO FABELA,#N/A,XOTEPINGO,COYOACAN,SUR,19.301659,-99.167297,CONTROL DE TRANSITO,N/A,N/A,20m,1,0,0,0,PTZ,CIUDAD SEGURA,,6.5K,8K,TLALPAN,HUIPULCO-HOSPITALES
3482,0,BLVD ADOLFO RUIZ CORTINES,AV RENATO LEDUC,TORIELLO GUERRA,#N/A,XOTEPINGO,COYOACAN,SUR,19.296752,-99.157012,CONTROL DE TRANSITO,N/A,N/A,20m,1,0,0,0,PTZ,CIUDAD SEGURA,,6.5K,8K,TLALPAN,HUIPULCO-HOSPITALES
